FID,ID_RAGIONE,RAGIONE_SO,INDIRIZZO_,ID_STRUTTU,DENOMINAZI,SITOWEB,NUMERO_STA,NUMERO_LET,SUB_COD_VI,CIVICO,LETTERA,ZONA_IDS,PERCENTUAL,TIPO_STRUT,TIPOLOGIA_,NUM_STELLE,TIPO,CLASSIFICA,INDIRIZZO,CODICE_VIA,SUB_CODICE,COD_ISOLAT,COD_LOCALI,COD_QUARTI,COD_MUNICI,COD_ZONA,TELEFONO,ESRI_OID,x,y
2539,1004656,PUBBLICAZIONE DATO NON AUTORIZZATA,PUBBLICAZIONE DATO NON AUTORIZZATA,1950,HOTEL ATENEO,PUBBLICAZIONE DATO NON AUTORIZZATA,20,39,16000,1876,_,CENTRO STORICO,0,STRUTTURE RICETTIVE ALBERGHIERE,ALBERGHI-ALBERGHI DIFFUSI,3,S,3 STELLE,"SAN MARCO,1876",16000,41990,270420101,0270425001,1,1,1,PUBBLICAZIONE DATO NON AUTORIZZATA,6211,12.3341275858996,45.4343358890183
3132,1004777,PUBBLICAZIONE DATO NON AUTORIZZATA,PUBBLICAZIONE DATO NON AUTORIZZATA,1205,HOTEL CANALETTO,PUBBLICAZIONE DATO NON AUTORIZZATA,38,79,3190,5487,_,CENTRO STORICO,0,STRUTTURE RICETTIVE ALBERGHIERE,ALBERGHI-ALBERGHI DIFFUSI,3,S,3 STELLE,"CASTELLO,5487",3190,33400,270420173,0270425002,1,1,1,PUBBLICAZIONE DATO NON AUTORIZZATA,3726,12.3389078760895,45.4368870954827
378,1005638,PUBBLICAZIONE DATO NON AUTORIZZATA,PUBBLICAZIONE DATO NON AUTORIZZATA,9592,HOTEL VECELLIO,PUBBLICAZIONE DATO NON AUTORIZZATA,8,15,2780,5039,B,CENTRO STORICO,0,STRUTTURE RICETTIVE ALBERGHIERE,ALBERGHI-ALBERGHI DIFFUSI,3,S,3 STELLE,"CANNAREGIO,5039/B",2780,88220,270420652,0270425009,1,1,1,PUBBLICAZIONE DATO NON AUTORIZZATA,1797,12.3404526924592,45.4431092662508
2061,1004926,PUBBLICAZIONE DATO NON AUTORIZZATA,PUBBLICAZIONE DATO NON AUTORIZZATA,119,HOTEL PANORAMA,PUBBLICAZIONE DATO NON AUTORIZZATA,22,43,16040,1,A,"ISOLE DELLA LAGUNA (ESCLUSO CENTRO STORICO, GIUDECCA, ISOLE DEDICATE IN VIA PRINCIPALE ALLA FUNZIONE RICETTIVA E ALBERGHI A 5 STELLE)",20,STRUTTURE RICETTIVE ALBERGHIERE,ALBERGHI-ALBERGHI DIFFUSI,4,S,4 STELLE,"PIAZZALE SANTA MARIA ELISABETTA,1/A",16040,16040,270421277,0270425048,3,2,2,PUBBLICAZIONE DATO NON AUTORIZZATA,4670,12.3691862159444,45.4177891639224
5193,1010470,PUBBLICAZIONE DATO NON AUTORIZZATA,PUBBLICAZIONE DATO NON AUTORIZZATA,1010530,SONDER SALUTE PALACE,PUBBLICAZIONE DATO NON AUTORIZZATA,43,73,7070,222,_,CENTRO STORICO,0,STRUTTURE RICETTIVE ALBERGHIERE,ALBERGHI-ALBERGHI DIFFUSI,3,S,3 STELLE SUPERIOR,"DORSODURO,222",7070,60800,270421139,0270425016,2,1,1,PUBBLICAZIONE DATO NON AUTORIZZATA,9273,12.3327629633607,45.4298338806559
1921,1004825,PUBBLICAZIONE DATO NON AUTORIZZATA,PUBBLICAZIONE DATO NON AUTORIZZATA,535,HOTEL PRINCIPE,PUBBLICAZIONE DATO NON AUTORIZZATA,150,304,2780,146,_,CENTRO STORICO,0,STRUTTURE RICETTIVE ALBERGHIERE,ALBERGHI-ALBERGHI DIFFUSI,4,S,4 STELLE,"CANNAREGIO,146",2780,53430,270420469,0270425009,1,1,1,PUBBLICAZIONE DATO NON AUTORIZZATA,3036,12.323445080662,45.4421532398753
2084,1005237,PUBBLICAZIONE DATO NON AUTORIZZATA,PUBBLICAZIONE DATO NON AUTORIZZATA,4899,HOTEL PALAZZO ABADESSA,PUBBLICAZIONE DATO NON AUTORIZZATA,15,24,2780,4011,_,CENTRO STORICO,0,STRUTTURE RICETTIVE ALBERGHIERE,ALBERGHI-ALBERGHI DIFFUSI,4,S,4 STELLE,"CANNAREGIO,4011",2780,55650,270420620,0270425009,1,1,1,PUBBLICAZIONE DATO NON AUTORIZZATA,4714,12.3353288067613,45.4415515748561
2986,1005031,PUBBLICAZIONE DATO NON AUTORIZZATA,PUBBLICAZIONE DATO NON AUTORIZZATA,10101,HOTELCORTE CONTARINA DEPENDENCE,PUBBLICAZIONE DATO NON AUTORIZZATA,11,20,3190,1956,_,CENTRO STORICO,0,STRUTTURE RICETTIVE ALBERGHIERE,ALBERGHI-ALBERGHI DIFFUSI,3,S,3 STELLE,"CASTELLO,1956",3190,31520,270420330,0270425002,1,1,1,PUBBLICAZIONE DATO NON AUTORIZZATA,3483,12.3537651947154,45.432706092192
209,1004979,LIASSIDI SRL,info@liassidipalacehotel.it,4345,LIASSIDI WELLNESS SUITES,PUBBLICAZIONE DATO NON AUTORIZZATA,5,10,3190,3335,_,CENTRO STORICO,0,STRUTTURE RICETTIVE ALBERGHIERE,ALBERGHI-ALBERGHI DIFFUSI,4,S,4 STELLE,"CASTELLO,3335",3190,33340,270420222,0270425002,1,1,1,0415205658,1536,12.3456162385661,45.4357209141493
2299,1011507,PUBBLICAZIONE DATO NON AUTORIZZATA,PUBBLICAZIONE DATO NON AUTORIZZATA,1011685,HOTEL CAPRERA,PUBBLICAZIONE DATO NON AUTORIZZATA,14,24,2780,219,_,CENTRO STORICO,0,STRUTTURE RICETTIVE ALBERGHIERE,ALBERGHI-ALBERGHI DIFFUSI,2,S,2 STELLE,"CANNAREGIO,219",2780,53100,270420468,0270425009,1,1,1,PUBBLICAZIONE DATO NON AUTORIZZATA,5110,12.323817991925,45.4427689976506
1735,1008538,PUBBLICAZIONE DATO NON AUTORIZZATA,PUBBLICAZIONE DATO NON AUTORIZZATA,1009157,HOTEL AL DUCA DI VENEZIA,PUBBLICAZIONE DATO NON AUTORIZZATA,12,22,15610,1739,_,CENTRO STORICO,0,STRUTTURE RICETTIVE ALBERGHIERE,ALBERGHI-ALBERGHI DIFFUSI,3,S,3 STELLE,"SANTA CROCE,1739",15610,76180,270420921,0270425014,2,1,1,PUBBLICAZIONE DATO NON AUTORIZZATA,2727,12.3281438041868,45.4414106186389
3813,1005008,PALAZZO VITTURI SRL,info@hotelpalazzovitturi.com,1879,HOTEL PALAZZO VITTURI,PUBBLICAZIONE DATO NON AUTORIZZATA,16,31,3190,5246,_,CENTRO STORICO,0,STRUTTURE RICETTIVE ALBERGHIERE,ALBERGHI-ALBERGHI DIFFUSI,3,S,3 STELLE,"CASTELLO,5246",3190,36870,270420206,0270425002,1,1,1,0412410856,5673,12.3413273156342,45.4372520478199
4019,1004872,PUBBLICAZIONE DATO NON AUTORIZZATA,PUBBLICAZIONE DATO NON AUTORIZZATA,1550,ALBERGO GUERRATO,PUBBLICAZIONE DATO NON AUTORIZZATA,12,25,16210,240,A,CENTRO STORICO,0,STRUTTURE RICETTIVE ALBERGHIERE,ALBERGHI-ALBERGHI DIFFUSI,1,S,1 STELLA,"SAN POLO,240/A",16210,73440,270420786,0270425013,2,1,1,PUBBLICAZIONE DATO NON AUTORIZZATA,9774,12.3346076733359,45.4393647650309
3521,1004853,PUBBLICAZIONE DATO NON AUTORIZZATA,PUBBLICAZIONE DATO NON AUTORIZZATA,1098,HOTEL AL CODEGA,PUBBLICAZIONE DATO NON AUTORIZZATA,28,51,16000,4435,_,CENTRO STORICO,0,STRUTTURE RICETTIVE ALBERGHIERE,ALBERGHI-ALBERGHI DIFFUSI,4,S,4 STELLE,"SAN MARCO,4435",16000,41950,270420114,0270425001,1,1,1,PUBBLICAZIONE DATO NON AUTORIZZATA,4422,12.3355312918319,45.4355755148765
3710,1004613,PUBBLICAZIONE DATO NON AUTORIZZATA,PUBBLICAZIONE DATO NON AUTORIZZATA,1154,CAVALLETTO & DOGE ORSEOLO DIPENDENZA,PUBBLICAZIONE DATO NON AUTORIZZATA,12,25,16000,897,A,CENTRO STORICO,0,STRUTTURE RICETTIVE ALBERGHIERE,ALBERGHI-ALBERGHI DIFFUSI,1,S,1 STELLA,"SAN MARCO,897/A",16000,40120,270420017,0270425001,1,1,1,PUBBLICAZIONE DATO NON AUTORIZZATA,5487,12.3373182031973,45.4345290439948
1718,1004946,PUBBLICAZIONE DATO NON AUTORIZZATA,PUBBLICAZIONE DATO NON AUTORIZZATA,3230,AI MORI D'ORIENTE DEP 4,PUBBLICAZIONE DATO NON AUTORIZZATA,12,25,2780,3319,_,CENTRO STORICO,0,STRUTTURE RICETTIVE ALBERGHIERE,ALBERGHI-ALBERGHI DIFFUSI,4,S,4 STELLE,"CANNAREGIO,3319",2780,56910,270420544,0270425009,1,1,1,PUBBLICAZIONE DATO NON AUTORIZZATA,2701,12.3302695721956,45.4459095983849
158,1004946,PUBBLICAZIONE DATO NON AUTORIZZATA,PUBBLICAZIONE DATO NON AUTORIZZATA,3097,AI MORI D'ORIENTE DEP 3,PUBBLICAZIONE DATO NON AUTORIZZATA,18,33,2780,3316,C,CENTRO STORICO,0,STRUTTURE RICETTIVE ALBERGHIERE,ALBERGHI-ALBERGHI DIFFUSI,4,S,4 STELLE,"CANNAREGIO,3316/C",2780,53490,270420544,0270425009,1,1,1,PUBBLICAZIONE DATO NON AUTORIZZATA,1447,12.3305259400992,45.4463540188589
3876,1004936,PUBBLICAZIONE DATO NON AUTORIZZATA,PUBBLICAZIONE DATO NON AUTORIZZATA,11505,RESIDENZA CANNAREGIO,PUBBLICAZIONE DATO NON AUTORIZZATA,64,157,2780,3210,A,CENTRO STORICO,0,STRUTTURE RICETTIVE ALBERGHIERE,ALBERGHI-ALBERGHI DIFFUSI,4,S,4 STELLE,"CANNAREGIO,3210/A",2780,55940,270420538,0270425009,1,1,1,PUBBLICAZIONE DATO NON AUTORIZZATA,5782,12.3267993318952,45.4475439569406
2900,1005781,PUBBLICAZIONE DATO NON AUTORIZZATA,PUBBLICAZIONE DATO NON AUTORIZZATA,8724,TEST_8,PUBBLICAZIONE DATO NON AUTORIZZATA,8,8,6990,1,C,"ISOLE DELLA LAGUNA (ESCLUSO CENTRO STORICO, GIUDECCA, ISOLE DEDICATE IN VIA PRINCIPALE ALLA FUNZIONE RICETTIVA E ALBERGHI A 5 STELLE)",20,STRUTTURE RICETTIVE ALBERGHIERE,ALBERGHI-ALBERGHI DIFFUSI,5,S,5 STELLE SUPERIOR,"VIA DOGE BEATO,1/C",6990,6990,270421437,0270425049,3,2,2,PUBBLICAZIONE DATO NON AUTORIZZATA,3331,12.337083646167,45.3687732374249
2353,1004931,PUBBLICAZIONE DATO NON AUTORIZZATA,PUBBLICAZIONE DATO NON AUTORIZZATA,8026,HOTEL S. STEFANO,PUBBLICAZIONE DATO NON AUTORIZZATA,11,20,16000,2957,_,CENTRO STORICO,0,STRUTTURE RICETTIVE ALBERGHIERE,ALBERGHI-ALBERGHI DIFFUSI,3,S,3 STELLE,"SAN MARCO,2957",16000,44700,270420065,0270425001,1,1,1,PUBBLICAZIONE DATO NON AUTORIZZATA,5208,12.3304767711048,45.4335452592704
4323,1004907,PUBBLICAZIONE DATO NON AUTORIZZATA,PUBBLICAZIONE DATO NON AUTORIZZATA,2060,PALAZZO CONTI QUERINI,PUBBLICAZIONE DATO NON AUTORIZZATA,12,21,3190,5257,_,CENTRO STORICO,0,STRUTTURE RICETTIVE ALBERGHIERE,ALBERGHI-ALBERGHI DIFFUSI,4,S,4 STELLE,"CASTELLO,5257",3190,35490,270420248,0270425002,1,1,1,PUBBLICAZIONE DATO NON AUTORIZZATA,6746,12.340985349989,45.4366123290156
1569,1009468,PUBBLICAZIONE DATO NON AUTORIZZATA,PUBBLICAZIONE DATO NON AUTORIZZATA,1009595,THE VENICE VENICE HOTEL,PUBBLICAZIONE DATO NON AUTORIZZATA,42,92,2780,5631,_,CENTRO STORICO,0,STRUTTURE RICETTIVE ALBERGHIERE,ALBERGHI-ALBERGHI DIFFUSI,5,S,5 STELLE SUPERIOR,"CANNAREGIO,5631",2780,53380,270420694,0270425009,1,1,1,PUBBLICAZIONE DATO NON AUTORIZZATA,1135,12.3361715498974,45.4399375392244
1377,1004954,PUBBLICAZIONE DATO NON AUTORIZZATA,PUBBLICAZIONE DATO NON AUTORIZZATA,352,ALLE GUGLIE,PUBBLICAZIONE DATO NON AUTORIZZATA,8,15,2780,1333,_,CENTRO STORICO,0,STRUTTURE RICETTIVE ALBERGHIERE,ALBERGHI-ALBERGHI DIFFUSI,3,S,3 STELLE,"CANNAREGIO,1333",2780,56370,270420478,0270425009,1,1,1,PUBBLICAZIONE DATO NON AUTORIZZATA,816,12.3264839282939,45.4437510159973
4280,1005814,EXPERIMENTAL ADRIATICA SRL,info@palazzoexperimental.com,11603,IL PALAZZO EXPERIMENTAL,PUBBLICAZIONE DATO NON AUTORIZZATA,32,62,7070,1411,_,CENTRO STORICO,0,STRUTTURE RICETTIVE ALBERGHIERE,ALBERGHI-ALBERGHI DIFFUSI,4,S,4 STELLE SUPERIOR,"DORSODURO,1411",7070,66900,270421090,0270425016,2,1,1,0410980200,6703,12.3230426756921,45.4303738506144
3083,1004763,PUBBLICAZIONE DATO NON AUTORIZZATA,PUBBLICAZIONE DATO NON AUTORIZZATA,1009163,HOTEL CANEVA,PUBBLICAZIONE DATO NON AUTORIZZATA,23,44,3190,5515,_,CENTRO STORICO,0,STRUTTURE RICETTIVE ALBERGHIERE,ALBERGHI-ALBERGHI DIFFUSI,1,S,1 STELLA,"CASTELLO,5515",3190,35760,270420172,0270425002,1,1,1,PUBBLICAZIONE DATO NON AUTORIZZATA,3648,12.3380029657615,45.4367280208464
4031,1004652,PUBBLICAZIONE DATO NON AUTORIZZATA,PUBBLICAZIONE DATO NON AUTORIZZATA,3699,HOTEL CITTA' DI MILANO,PUBBLICAZIONE DATO NON AUTORIZZATA,22,40,16000,590,_,CENTRO STORICO,0,STRUTTURE RICETTIVE ALBERGHIERE,ALBERGHI-ALBERGHI DIFFUSI,3,S,3 STELLE,"SAN MARCO,590",16000,42510,270420149,0270425001,1,1,1,PUBBLICAZIONE DATO NON AUTORIZZATA,9786,12.3381904678946,45.4360342666524
4434,1005137,FALC-INN SRL,info@aquapalace.it,1039,HOTEL AQUA PALACE,PUBBLICAZIONE DATO NON AUTORIZZATA,24,53,3190,5492,A,CENTRO STORICO,0,STRUTTURE RICETTIVE ALBERGHIERE,ALBERGHI-ALBERGHI DIFFUSI,4,S,4 STELLE,"CASTELLO,5492/A",3190,33400,270420172,0270425002,1,1,1,0412960442,6942,12.3386500741556,45.4366163066352
3601,1004970,PUBBLICAZIONE DATO NON AUTORIZZATA,PUBBLICAZIONE DATO NON AUTORIZZATA,1254,IL MERCANTE DI VENEZIA,PUBBLICAZIONE DATO NON AUTORIZZATA,15,25,2780,379,_,CENTRO STORICO,0,STRUTTURE RICETTIVE ALBERGHIERE,ALBERGHI-ALBERGHI DIFFUSI,3,S,3 STELLE,"CANNAREGIO,379",2780,54280,270420465,0270425009,1,1,1,PUBBLICAZIONE DATO NON AUTORIZZATA,5295,12.3225350097408,45.4425859710643
3799,1004858,PUBBLICAZIONE DATO NON AUTORIZZATA,info@venicehoteladriatico.com,1912,ADRIATICO,PUBBLICAZIONE DATO NON AUTORIZZATA,12,23,2780,224,_,CENTRO STORICO,0,STRUTTURE RICETTIVE ALBERGHIERE,ALBERGHI-ALBERGHI DIFFUSI,2,S,2 STELLE,"CANNAREGIO,224",2780,53430,270420468,0270425009,1,1,1,041715176,5647,12.3241214943247,45.4425953958142
3776,1005521,PUBBLICAZIONE DATO NON AUTORIZZATA,PUBBLICAZIONE DATO NON AUTORIZZATA,6791,HOTEL CASA VERARDO RESIDENZA D'EPOCA,PUBBLICAZIONE DATO NON AUTORIZZATA,22,46,3190,4765,_,CENTRO STORICO,0,STRUTTURE RICETTIVE ALBERGHIERE,ALBERGHI-ALBERGHI DIFFUSI,3,S,3 STELLE SUPERIOR,"CASTELLO,4765",3190,37320,270420244,0270425002,1,1,1,PUBBLICAZIONE DATO NON AUTORIZZATA,5607,12.3418727700864,45.4359299953098
2333,1004976,PUBBLICAZIONE DATO NON AUTORIZZATA,PUBBLICAZIONE DATO NON AUTORIZZATA,1017326,HOTEL VILLA MABAPA,PUBBLICAZIONE DATO NON AUTORIZZATA,63,118,16180,16,_,"ISOLE DELLA LAGUNA (ESCLUSO CENTRO STORICO, GIUDECCA, ISOLE DEDICATE IN VIA PRINCIPALE ALLA FUNZIONE RICETTIVA E ALBERGHI A 5 STELLE)",20,STRUTTURE RICETTIVE ALBERGHIERE,ALBERGHI-ALBERGHI DIFFUSI,4,S,4 STELLE,"RIVIERA SAN NICOLO',16",16180,16180,270421255,0270425048,3,2,2,PUBBLICAZIONE DATO NON AUTORIZZATA,5169,12.3770430168322,45.4230346655065
1005,1005378,PUBBLICAZIONE DATO NON AUTORIZZATA,PUBBLICAZIONE DATO NON AUTORIZZATA,3359,HOTEL AI CAVALIERI,PUBBLICAZIONE DATO NON AUTORIZZATA,32,61,3190,6108,_,CENTRO STORICO,0,STRUTTURE RICETTIVE ALBERGHIERE,ALBERGHI-ALBERGHI DIFFUSI,4,S,4 STELLE,"CASTELLO,6108",3190,30500,270420193,0270425002,1,1,1,PUBBLICAZIONE DATO NON AUTORIZZATA,205,12.3399997767528,45.4382438675902
3862,1004683,HOTEL KETTE SRL,info@hotelkette.com,648,HOTEL KETTE,PUBBLICAZIONE DATO NON AUTORIZZATA,63,132,16000,2053,_,CENTRO STORICO,0,STRUTTURE RICETTIVE ALBERGHIERE,ALBERGHI-ALBERGHI DIFFUSI,4,S,4 STELLE,"SAN MARCO,2053",16000,44390,270420028,0270425001,1,1,1,0415207766,5756,12.3345674131674,45.4333166958489
1649,1008327,PUBBLICAZIONE DATO NON AUTORIZZATA,PUBBLICAZIONE DATO NON AUTORIZZATA,1009170,HOTEL SANT'ANNA,PUBBLICAZIONE DATO NON AUTORIZZATA,8,13,3190,269,_,CENTRO STORICO,0,STRUTTURE RICETTIVE ALBERGHIERE,ALBERGHI-ALBERGHI DIFFUSI,1,S,1 STELLA,"CASTELLO,269",3190,30430,270420355,0270425002,1,1,1,PUBBLICAZIONE DATO NON AUTORIZZATA,2597,12.3578482465754,45.4331307216355
4849,1005264,PUBBLICAZIONE DATO NON AUTORIZZATA,PUBBLICAZIONE DATO NON AUTORIZZATA,2677,AMAN  VENICE,PUBBLICAZIONE DATO NON AUTORIZZATA,24,48,16210,1364,_,CENTRO STORICO,0,STRUTTURE RICETTIVE ALBERGHIERE,ALBERGHI-ALBERGHI DIFFUSI,5,S,5 STELLE SUPERIOR,"SAN POLO,1364",16210,72290,270420828,0270425013,2,1,1,PUBBLICAZIONE DATO NON AUTORIZZATA,9106,12.3315507617473,45.437018811649
5038,1015484,PUBBLICAZIONE DATO NON AUTORIZZATA,PUBBLICAZIONE DATO NON AUTORIZZATA,1016156,ALBERGO TIEPOLO,PUBBLICAZIONE DATO NON AUTORIZZATA,11,20,3190,4510,_,CENTRO STORICO,0,STRUTTURE RICETTIVE ALBERGHIERE,ALBERGHI-ALBERGHI DIFFUSI,3,S,3 STELLE,"CASTELLO,4510",3190,37240,270420249,0270425002,1,1,1,PUBBLICAZIONE DATO NON AUTORIZZATA,9194,12.3418630964382,45.4351501358267
4446,1004935,PUBBLICAZIONE DATO NON AUTORIZZATA,PUBBLICAZIONE DATO NON AUTORIZZATA,1392,HOTEL TIZIANO,PUBBLICAZIONE DATO NON AUTORIZZATA,14,25,7070,1873,_,CENTRO STORICO,0,STRUTTURE RICETTIVE ALBERGHIERE,ALBERGHI-ALBERGHI DIFFUSI,3,S,3 STELLE,"DORSODURO,1873",7070,64730,270421029,0270425016,2,1,1,PUBBLICAZIONE DATO NON AUTORIZZATA,6985,12.3167119337248,45.4329142777187
4114,1005268,PUBBLICAZIONE DATO NON AUTORIZZATA,PUBBLICAZIONE DATO NON AUTORIZZATA,2300,CORTE DI GABRIELA,PUBBLICAZIONE DATO NON AUTORIZZATA,11,25,16000,3836,_,CENTRO STORICO,0,STRUTTURE RICETTIVE ALBERGHIERE,ALBERGHI-ALBERGHI DIFFUSI,4,S,4 STELLE,"SAN MARCO,3836",16000,40290,270420082,0270425001,1,1,1,PUBBLICAZIONE DATO NON AUTORIZZATA,9869,12.3317580761014,45.4349399176023
2811,1004701,PUBBLICAZIONE DATO NON AUTORIZZATA,PUBBLICAZIONE DATO NON AUTORIZZATA,1998,RIALTO,PUBBLICAZIONE DATO NON AUTORIZZATA,79,148,16000,5149,_,CENTRO STORICO,0,STRUTTURE RICETTIVE ALBERGHIERE,ALBERGHI-ALBERGHI DIFFUSI,4,S,4 STELLE,"SAN MARCO,5149",16000,44130,270420164,0270425001,1,1,1,PUBBLICAZIONE DATO NON AUTORIZZATA,3185,12.3360136584445,45.437767517991
2001,1013671,PUBBLICAZIONE DATO NON AUTORIZZATA,PUBBLICAZIONE DATO NON AUTORIZZATA,1013673,HOTEL DOMUS DEPANDANCE HOTEL BAUER,PUBBLICAZIONE DATO NON AUTORIZZATA,9,18,8750,36,_,CENTRO STORICO,0,STRUTTURE RICETTIVE ALBERGHIERE,ALBERGHI-ALBERGHI DIFFUSI,5,S,5 STELLE,"GIUDECCA (VENEZIA),36",8750,66920,270421225,0270425020,2,1,1,PUBBLICAZIONE DATO NON AUTORIZZATA,4556,12.3388540224564,45.4267325460119
1984,1005822,PUBBLICAZIONE DATO NON AUTORIZZATA,PUBBLICAZIONE DATO NON AUTORIZZATA,1017155,SUITES DIPENDENZA,PUBBLICAZIONE DATO NON AUTORIZZATA,12,24,16430,1,_,CENTRO STORICO,0,STRUTTURE RICETTIVE ALBERGHIERE,ALBERGHI-ALBERGHI DIFFUSI,5,S,5 STELLE,"ISOLA SACCA SESSOLA,1",16430,16430,270420443,0270425006,1,1,1,PUBBLICAZIONE DATO NON AUTORIZZATA,3143,12.3217428820294,45.4064536035871
3281,1004818,PUBBLICAZIONE DATO NON AUTORIZZATA,PUBBLICAZIONE DATO NON AUTORIZZATA,474,HOTEL MARCONI,PUBBLICAZIONE DATO NON AUTORIZZATA,26,47,16210,729,_,CENTRO STORICO,0,STRUTTURE RICETTIVE ALBERGHIERE,ALBERGHI-ALBERGHI DIFFUSI,3,S,3 STELLE,"SAN POLO,729",16210,74040,270420780,0270425013,2,1,1,PUBBLICAZIONE DATO NON AUTORIZZATA,3986,12.3351177141416,45.4378344600939
304,1015980,PUBBLICAZIONE DATO NON AUTORIZZATA,PUBBLICAZIONE DATO NON AUTORIZZATA,1016686,IL MORO DI VENEZIA,PUBBLICAZIONE DATO NON AUTORIZZATA,27,52,2780,152,_,CENTRO STORICO,0,STRUTTURE RICETTIVE ALBERGHIERE,ALBERGHI-ALBERGHI DIFFUSI,2,S,2 STELLE,"CANNAREGIO,152",2780,53430,270420468,0270425009,1,1,1,PUBBLICAZIONE DATO NON AUTORIZZATA,1681,12.3233308415218,45.4421217632029
2897,1005249,PUBBLICAZIONE DATO NON AUTORIZZATA,PUBBLICAZIONE DATO NON AUTORIZZATA,5722,HOTEL DONA' PALACE,PUBBLICAZIONE DATO NON AUTORIZZATA,26,59,16000,391,_,CENTRO STORICO,0,STRUTTURE RICETTIVE ALBERGHIERE,ALBERGHI-ALBERGHI DIFFUSI,4,S,4 STELLE,"SAN MARCO,391",16000,40130,270420008,0270425001,1,1,1,PUBBLICAZIONE DATO NON AUTORIZZATA,3324,12.3399879556848,45.4356192661872
596,1017195,PUBBLICAZIONE DATO NON AUTORIZZATA,PUBBLICAZIONE DATO NON AUTORIZZATA,1017203,HOTEL MELIA VENEZIA LIDO,PUBBLICAZIONE DATO NON AUTORIZZATA,60,119,16070,4,_,"ISOLE DELLA LAGUNA (ESCLUSO CENTRO STORICO, GIUDECCA, ISOLE DEDICATE IN VIA PRINCIPALE ALLA FUNZIONE RICETTIVA E ALBERGHI A 5 STELLE)",20,STRUTTURE RICETTIVE ALBERGHIERE,ALBERGHI-ALBERGHI DIFFUSI,4,S,4 STELLE SUPERIOR,"GRANVIALE SANTA MARIA ELISABETTA,4",16070,16070,270421295,0270425048,3,2,2,PUBBLICAZIONE DATO NON AUTORIZZATA,2180,12.3690660830069,45.4167847066477
2113,1005128,PUBBLICAZIONE DATO NON AUTORIZZATA,PUBBLICAZIONE DATO NON AUTORIZZATA,2555,HOTEL PETIT PALAIS,PUBBLICAZIONE DATO NON AUTORIZZATA,31,61,10610,54,_,"ISOLE DELLA LAGUNA (ESCLUSO CENTRO STORICO, GIUDECCA, ISOLE DEDICATE IN VIA PRINCIPALE ALLA FUNZIONE RICETTIVA E ALBERGHI A 5 STELLE)",20,STRUTTURE RICETTIVE ALBERGHIERE,ALBERGHI-ALBERGHI DIFFUSI,4,S,4 STELLE,"LUNGOMARE GUGLIELMO MARCONI,54",10610,10610,270421366,0270425048,3,2,2,PUBBLICAZIONE DATO NON AUTORIZZATA,4766,12.3644067054293,45.4020964857655
982,1005457,PUBBLICAZIONE DATO NON AUTORIZZATA,PUBBLICAZIONE DATO NON AUTORIZZATA,9656,HOTEL VILLA TIZIANA,PUBBLICAZIONE DATO NON AUTORIZZATA,16,31,9110,3,_,"ISOLE DELLA LAGUNA (ESCLUSO CENTRO STORICO, GIUDECCA, ISOLE DEDICATE IN VIA PRINCIPALE ALLA FUNZIONE RICETTIVA E ALBERGHI A 5 STELLE)",20,STRUTTURE RICETTIVE ALBERGHIERE,ALBERGHI-ALBERGHI DIFFUSI,3,S,3 STELLE,"VIA ANDREA GRITTI,3",9110,9110,270421342,0270425048,3,2,2,PUBBLICAZIONE DATO NON AUTORIZZATA,182,12.3655702888727,45.4072951962957
4277,1005781,PUBBLICAZIONE DATO NON AUTORIZZATA,PUBBLICAZIONE DATO NON AUTORIZZATA,8719,TEST_3,PUBBLICAZIONE DATO NON AUTORIZZATA,3,3,8760,110,_,"ISOLE DELLA LAGUNA (ESCLUSO CENTRO STORICO, GIUDECCA, ISOLE DEDICATE IN VIA PRINCIPALE ALLA FUNZIONE RICETTIVA E ALBERGHI A 5 STELLE)",20,STRUTTURE RICETTIVE ALBERGHIERE,ALBERGHI-ALBERGHI DIFFUSI,4,S,4 STELLE,"GIUDECCA (BURANO),110",8760,10175,270421637,0270425032,6,1,2,PUBBLICAZIONE DATO NON AUTORIZZATA,6700,12.4158429236538,45.4849327074373
4134,1015218,PUBBLICAZIONE DATO NON AUTORIZZATA,PUBBLICAZIONE DATO NON AUTORIZZATA,1015287,HOTEL GRIFONI,PUBBLICAZIONE DATO NON AUTORIZZATA,9,21,16210,2603,A,CENTRO STORICO,0,STRUTTURE RICETTIVE ALBERGHIERE,ALBERGHI-ALBERGHI DIFFUSI,1,S,1 STELLA,"SAN POLO,2603/A",16210,73840,270420855,0270425013,2,1,1,PUBBLICAZIONE DATO NON AUTORIZZATA,9889,12.3280209723858,45.4371959463425
4377,1004649,PUBBLICAZIONE DATO NON AUTORIZZATA,PUBBLICAZIONE DATO NON AUTORIZZATA,1787,ALBERGO SAN MARCO,PUBBLICAZIONE DATO NON AUTORIZZATA,56,95,16000,877,_,CENTRO STORICO,0,STRUTTURE RICETTIVE ALBERGHIERE,ALBERGHI-ALBERGHI DIFFUSI,3,S,3 STELLE,"SAN MARCO,877",16000,41710,270420017,0270425001,1,1,1,PUBBLICAZIONE DATO NON AUTORIZZATA,6854,12.3377272689407,45.4345788644066
4767,1005701,ASSASTAR SRL,hoteloriobeatrice@gmail.com,11740,HOTEL ORIO,PUBBLICAZIONE DATO NON AUTORIZZATA,25,48,2270,10,_,"ISOLE DELLA LAGUNA (ESCLUSO CENTRO STORICO, GIUDECCA, ISOLE DEDICATE IN VIA PRINCIPALE ALLA FUNZIONE RICETTIVA E ALBERGHI A 5 STELLE)",20,STRUTTURE RICETTIVE ALBERGHIERE,ALBERGHI-ALBERGHI DIFFUSI,3,S,3 STELLE,"STRADA CASA ROSSA,10",2270,2270,270421448,0270425050,3,2,2,3883930055,9476,12.3193384412356,45.3489198871226
190,1005512,PUBBLICAZIONE DATO NON AUTORIZZATA,PUBBLICAZIONE DATO NON AUTORIZZATA,1012347,HOTEL FLORIDA,PUBBLICAZIONE DATO NON AUTORIZZATA,22,31,2780,106,_,CENTRO STORICO,0,STRUTTURE RICETTIVE ALBERGHIERE,ALBERGHI-ALBERGHI DIFFUSI,2,S,2 STELLE,"CANNAREGIO,106",2780,55690,270420465,0270425009,1,1,1,PUBBLICAZIONE DATO NON AUTORIZZATA,1501,12.3219959148517,45.4419060611851
1186,1005128,PUBBLICAZIONE DATO NON AUTORIZZATA,PUBBLICAZIONE DATO NON AUTORIZZATA,2710,HOTEL GIARDINETTO,PUBBLICAZIONE DATO NON AUTORIZZATA,13,24,16040,3,_,"ISOLE DELLA LAGUNA (ESCLUSO CENTRO STORICO, GIUDECCA, ISOLE DEDICATE IN VIA PRINCIPALE ALLA FUNZIONE RICETTIVA E ALBERGHI A 5 STELLE)",20,STRUTTURE RICETTIVE ALBERGHIERE,ALBERGHI-ALBERGHI DIFFUSI,3,S,3 STELLE,"PIAZZALE SANTA MARIA ELISABETTA,3",16040,16040,270421277,0270425048,3,2,2,PUBBLICAZIONE DATO NON AUTORIZZATA,475,12.3691531661937,45.4176812596017
3748,1006012,HOTEL VILLA ROSA S.N.C DI MARAZZI MARTINA & C.,info@villarosahotel.com,11613,HOTEL VILLA ROSA,PUBBLICAZIONE DATO NON AUTORIZZATA,32,68,2780,389,_,CENTRO STORICO,0,STRUTTURE RICETTIVE ALBERGHIERE,ALBERGHI-ALBERGHI DIFFUSI,2,S,2 STELLE,"CANNAREGIO,389",2780,55110,270420463,0270425009,1,1,1,041716569,5558,12.3222250839935,45.4429297071871
3485,1004909,PUBBLICAZIONE DATO NON AUTORIZZATA,PUBBLICAZIONE DATO NON AUTORIZZATA,1326,LOCANDA REMEDIO DEPENDANCE COLOMBINA,PUBBLICAZIONE DATO NON AUTORIZZATA,11,23,3190,4412,_,CENTRO STORICO,0,STRUTTURE RICETTIVE ALBERGHIERE,ALBERGHI-ALBERGHI DIFFUSI,3,S,3 STELLE,"CASTELLO,4412",3190,35750,270420254,0270425002,1,1,1,PUBBLICAZIONE DATO NON AUTORIZZATA,4355,12.3406211962907,45.4358235236009
1000,1004827,PUBBLICAZIONE DATO NON AUTORIZZATA,PUBBLICAZIONE DATO NON AUTORIZZATA,1970,HOTEL CASTELLO,PUBBLICAZIONE DATO NON AUTORIZZATA,26,45,3190,4365,_,CENTRO STORICO,0,STRUTTURE RICETTIVE ALBERGHIERE,ALBERGHI-ALBERGHI DIFFUSI,3,S,3 STELLE,"CASTELLO,4365",3190,32320,270420254,0270425002,1,1,1,PUBBLICAZIONE DATO NON AUTORIZZATA,200,12.3415199652039,45.4354486997365
516,1005318,PUBBLICAZIONE DATO NON AUTORIZZATA,PUBBLICAZIONE DATO NON AUTORIZZATA,2768,HOTEL PALAZZO PARUTA,PUBBLICAZIONE DATO NON AUTORIZZATA,19,29,16000,3824,_,CENTRO STORICO,0,STRUTTURE RICETTIVE ALBERGHIERE,ALBERGHI-ALBERGHI DIFFUSI,4,S,4 STELLE,"SAN MARCO,3824",16000,42010,270420081,0270425001,1,1,1,PUBBLICAZIONE DATO NON AUTORIZZATA,2044,12.3313551512217,45.4343413615894
2543,1005391,PUBBLICAZIONE DATO NON AUTORIZZATA,info@adplacevenice.com,3265,AD PLACE VENICE,PUBBLICAZIONE DATO NON AUTORIZZATA,12,22,16000,2557,A,CENTRO STORICO,0,STRUTTURE RICETTIVE ALBERGHIERE,ALBERGHI-ALBERGHI DIFFUSI,4,S,4 STELLE,"SAN MARCO,2557/A",16000,41770,270420046,0270425001,1,1,1,PUBBLICAZIONE DATO NON AUTORIZZATA,6215,12.3328685948597,45.4332076384749
1547,1009321,PUBBLICAZIONE DATO NON AUTORIZZATA,PUBBLICAZIONE DATO NON AUTORIZZATA,1009432,CA' DI DIO,PUBBLICAZIONE DATO NON AUTORIZZATA,66,132,3190,2181,_,CENTRO STORICO,0,STRUTTURE RICETTIVE ALBERGHIERE,ALBERGHI-ALBERGHI DIFFUSI,5,S,5 STELLE,"CASTELLO,2181",3190,30720,270420315,0270425002,1,1,1,PUBBLICAZIONE DATO NON AUTORIZZATA,1096,12.3488514059764,45.4330839923514
4203,1005066,PUBBLICAZIONE DATO NON AUTORIZZATA,PUBBLICAZIONE DATO NON AUTORIZZATA,2048,HOTEL LE ISOLE,PUBBLICAZIONE DATO NON AUTORIZZATA,12,27,3190,4661,_,CENTRO STORICO,0,STRUTTURE RICETTIVE ALBERGHIERE,ALBERGHI-ALBERGHI DIFFUSI,3,S,3 STELLE,"CASTELLO,4661",3190,37980,270420259,0270425002,1,1,1,PUBBLICAZIONE DATO NON AUTORIZZATA,6538,12.342226213734,45.4348377630706
4644,1010573,PUBBLICAZIONE DATO NON AUTORIZZATA,PUBBLICAZIONE DATO NON AUTORIZZATA,1010574,HOTEL CANAL,PUBBLICAZIONE DATO NON AUTORIZZATA,16,25,15610,553,_,CENTRO STORICO,0,STRUTTURE RICETTIVE ALBERGHIERE,ALBERGHI-ALBERGHI DIFFUSI,3,S,3 STELLE,"SANTA CROCE,553",15610,77530,270420975,0270425014,2,1,1,PUBBLICAZIONE DATO NON AUTORIZZATA,9411,12.3210775001974,45.4393135947333
3562,1005134,VILLA PANNONIA S.R.L.,info@hotelvillapannonia.it,1076,HOTEL VILLA PANNONIA,PUBBLICAZIONE DATO NON AUTORIZZATA,30,58,7020,48,_,"ISOLE DELLA LAGUNA (ESCLUSO CENTRO STORICO, GIUDECCA, ISOLE DEDICATE IN VIA PRINCIPALE ALLA FUNZIONE RICETTIVA E ALBERGHI A 5 STELLE)",20,STRUTTURE RICETTIVE ALBERGHIERE,ALBERGHI-ALBERGHI DIFFUSI,4,S,4 STELLE,"VIA DOGE DOMENICO MICHIEL,48",7020,7020,270421304,0270425048,3,2,2,0415260162,4495,12.3722234903689,45.4152670432867
5191,1009995,PUBBLICAZIONE DATO NON AUTORIZZATA,PUBBLICAZIONE DATO NON AUTORIZZATA,1010051,HOTEL SALUTE PALACE,PUBBLICAZIONE DATO NON AUTORIZZATA,43,73,7070,222,_,CENTRO STORICO,0,STRUTTURE RICETTIVE ALBERGHIERE,ALBERGHI-ALBERGHI DIFFUSI,3,S,3 STELLE SUPERIOR,"DORSODURO,222",7070,60800,270421139,0270425016,2,1,1,PUBBLICAZIONE DATO NON AUTORIZZATA,9272,12.3327629633607,45.4298338806559
3170,1004973,PUBBLICAZIONE DATO NON AUTORIZZATA,amministrazione@benzonsrl.it,1388,DUODO PALACE HOTEL,PUBBLICAZIONE DATO NON AUTORIZZATA,38,75,16000,1887,_,CENTRO STORICO,0,STRUTTURE RICETTIVE ALBERGHIERE,ALBERGHI-ALBERGHI DIFFUSI,4,S,4 STELLE,"SAN MARCO,1887",16000,44760,270420102,0270425001,1,1,1,PUBBLICAZIONE DATO NON AUTORIZZATA,3789,12.334003643904,45.4343967891092
1006,1005090,PUBBLICAZIONE DATO NON AUTORIZZATA,PUBBLICAZIONE DATO NON AUTORIZZATA,3468,HOTEL VILLA LAGUNA,PUBBLICAZIONE DATO NON AUTORIZZATA,19,54,8370,6,_,"ISOLE DELLA LAGUNA (ESCLUSO CENTRO STORICO, GIUDECCA, ISOLE DEDICATE IN VIA PRINCIPALE ALLA FUNZIONE RICETTIVA E ALBERGHI A 5 STELLE)",20,STRUTTURE RICETTIVE ALBERGHIERE,ALBERGHI-ALBERGHI DIFFUSI,4,S,4 STELLE SUPERIOR,"VIA SANDRO GALLO,6",8370,8370,270421296,0270425048,3,2,2,PUBBLICAZIONE DATO NON AUTORIZZATA,206,12.3677916328559,45.4163714631778
2142,1004947,PUBBLICAZIONE DATO NON AUTORIZZATA,PUBBLICAZIONE DATO NON AUTORIZZATA,1619,HOTEL PALAZZO PRIULI,PUBBLICAZIONE DATO NON AUTORIZZATA,10,22,3190,4979,B,CENTRO STORICO,0,STRUTTURE RICETTIVE ALBERGHIERE,ALBERGHI-ALBERGHI DIFFUSI,4,S,4 STELLE,"CASTELLO,4979/B",3190,31970,270420235,0270425002,1,1,1,PUBBLICAZIONE DATO NON AUTORIZZATA,4815,12.3436333144389,45.4357976752917
4186,1004747,HOTEL MERCURIO S.R.L.,info@hotelmercurio.com,2288,HOTEL MERCURIO,PUBBLICAZIONE DATO NON AUTORIZZATA,28,56,16000,1848,_,CENTRO STORICO,0,STRUTTURE RICETTIVE ALBERGHIERE,ALBERGHI-ALBERGHI DIFFUSI,3,S,3 STELLE,"SAN MARCO,1848",16000,42040,270420029,0270425001,1,1,1,0415220947,6521,12.3344940007466,45.4341339285881
771,1011016,PUBBLICAZIONE DATO NON AUTORIZZATA,PUBBLICAZIONE DATO NON AUTORIZZATA,1011041,HOTEL MIGNON,PUBBLICAZIONE DATO NON AUTORIZZATA,15,25,2780,4535,_,CENTRO STORICO,0,STRUTTURE RICETTIVE ALBERGHIERE,ALBERGHI-ALBERGHI DIFFUSI,3,S,3 STELLE,"CANNAREGIO,4535",2780,55570,270420673,0270425009,1,1,1,PUBBLICAZIONE DATO NON AUTORIZZATA,2471,12.3368237865713,45.4408439127396
3141,1005428,PUBBLICAZIONE DATO NON AUTORIZZATA,PUBBLICAZIONE DATO NON AUTORIZZATA,4399,ALBERGO CASA PERON,PUBBLICAZIONE DATO NON AUTORIZZATA,11,20,15610,84,_,CENTRO STORICO,0,STRUTTURE RICETTIVE ALBERGHIERE,ALBERGHI-ALBERGHI DIFFUSI,1,S,1 STELLA,"SANTA CROCE,84",15610,77490,270420976,0270425014,2,1,1,PUBBLICAZIONE DATO NON AUTORIZZATA,3748,12.3237795682291,45.4362952324254
4472,1004627,PUBBLICAZIONE DATO NON AUTORIZZATA,PUBBLICAZIONE DATO NON AUTORIZZATA,823,HOTEL AL PIAVE,PUBBLICAZIONE DATO NON AUTORIZZATA,8,16,3190,4838,_,CENTRO STORICO,0,STRUTTURE RICETTIVE ALBERGHIERE,ALBERGHI-ALBERGHI DIFFUSI,3,S,3 STELLE,"CASTELLO,4838",3190,32830,270420243,0270425002,1,1,1,PUBBLICAZIONE DATO NON AUTORIZZATA,8888,12.3420207744421,45.4366109720314
2171,1004630,HOTEL TIVOLI DI GARDIN MANUELA GARDIN ROBERTA & C. S.N.C.,info@hoteltivoli.it,1188,HOTEL TIVOLI DI GARDIN MANUELA GARDIN ROBERTA & C. S.N.C.,PUBBLICAZIONE DATO NON AUTORIZZATA,24,41,7070,3838,_,CENTRO STORICO,0,STRUTTURE RICETTIVE ALBERGHIERE,ALBERGHI-ALBERGHI DIFFUSI,2,S,2 STELLE,"DORSODURO,3838",7070,61800,270421075,0270425016,2,1,1,0415242460,4872,12.3259767615754,45.4356419980056
130,1005633,HS HOTELS,hotel_arielsilva@hotmail.com,9361,HOTEL ARIEL SILVA,PUBBLICAZIONE DATO NON AUTORIZZATA,12,29,2780,1391,A,CENTRO STORICO,0,STRUTTURE RICETTIVE ALBERGHIERE,ALBERGHI-ALBERGHI DIFFUSI,2,S,2 STELLE,"CANNAREGIO,1391/A",2780,54020,270420521,0270425009,1,1,1,041714773,1402,12.3278085874385,45.4443443474725
4664,1004685,PUBBLICAZIONE DATO NON AUTORIZZATA,PUBBLICAZIONE DATO NON AUTORIZZATA,2308,HOTEL MORESCO,PUBBLICAZIONE DATO NON AUTORIZZATA,23,45,7070,3499,_,CENTRO STORICO,0,STRUTTURE RICETTIVE ALBERGHIERE,ALBERGHI-ALBERGHI DIFFUSI,4,S,4 STELLE,"DORSODURO,3499",7070,63840,270421047,0270425016,2,1,1,PUBBLICAZIONE DATO NON AUTORIZZATA,9422,12.321330195369,45.4359662890006
4166,1005613,PUBBLICAZIONE DATO NON AUTORIZZATA,PUBBLICAZIONE DATO NON AUTORIZZATA,10358,HOTEL AL PONTE DEI SOSPIRI,PUBBLICAZIONE DATO NON AUTORIZZATA,13,25,16000,381,_,CENTRO STORICO,0,STRUTTURE RICETTIVE ALBERGHIERE,ALBERGHI-ALBERGHI DIFFUSI,4,S,4 STELLE,"SAN MARCO,381",16000,44320,270420007,0270425001,1,1,1,PUBBLICAZIONE DATO NON AUTORIZZATA,6501,12.3403064534304,45.4353817974188
4492,1005025,PUBBLICAZIONE DATO NON AUTORIZZATA,PUBBLICAZIONE DATO NON AUTORIZZATA,1570,HOTEL MONACO & GRAND CANAL,PUBBLICAZIONE DATO NON AUTORIZZATA,93,176,16000,1332,_,CENTRO STORICO,0,STRUTTURE RICETTIVE ALBERGHIERE,ALBERGHI-ALBERGHI DIFFUSI,4,S,4 STELLE SUPERIOR,"SAN MARCO,1332",16000,45300,270420022,0270425001,1,1,1,PUBBLICAZIONE DATO NON AUTORIZZATA,8908,12.3370021021407,45.4326844022124
3310,1005207,ORLOVAZ SONIA,info@albergoalgobbo.it,2055,ALBERGO AL GOBBO,PUBBLICAZIONE DATO NON AUTORIZZATA,10,17,2780,315,_,CENTRO STORICO,0,STRUTTURE RICETTIVE ALBERGHIERE,ALBERGHI-ALBERGHI DIFFUSI,1,S,1 STELLA,"CANNAREGIO,315",2780,56220,270420468,0270425009,1,1,1,041715001,4037,12.3249949410613,45.4434483144358
38,1005149,PUBBLICAZIONE DATO NON AUTORIZZATA,PUBBLICAZIONE DATO NON AUTORIZZATA,7620,VENICE TIMES HOTEL,PUBBLICAZIONE DATO NON AUTORIZZATA,29,58,2780,99,D,CENTRO STORICO,0,STRUTTURE RICETTIVE ALBERGHIERE,ALBERGHI-ALBERGHI DIFFUSI,4,S,4 STELLE,"CANNAREGIO,99/D",2780,55690,270420465,0270425009,1,1,1,PUBBLICAZIONE DATO NON AUTORIZZATA,1253,12.3214869422297,45.442255191637
2520,1012731,PUBBLICAZIONE DATO NON AUTORIZZATA,PUBBLICAZIONE DATO NON AUTORIZZATA,1012734,HOTEL BECHER,PUBBLICAZIONE DATO NON AUTORIZZATA,14,20,16000,1857,_,CENTRO STORICO,0,STRUTTURE RICETTIVE ALBERGHIERE,ALBERGHI-ALBERGHI DIFFUSI,3,S,3 STELLE,"SAN MARCO,1857",16000,42040,270420101,0270425001,1,1,1,PUBBLICAZIONE DATO NON AUTORIZZATA,6192,12.3345820117714,45.4341654188747
2998,1004953,PUBBLICAZIONE DATO NON AUTORIZZATA,PUBBLICAZIONE DATO NON AUTORIZZATA,527,ALBERGO AI TOLENTINI,PUBBLICAZIONE DATO NON AUTORIZZATA,7,11,15610,197,G,CENTRO STORICO,0,STRUTTURE RICETTIVE ALBERGHIERE,ALBERGHI-ALBERGHI DIFFUSI,1,S,1 STELLA,"SANTA CROCE,197/G",15610,75070,270420975,0270425014,2,1,1,PUBBLICAZIONE DATO NON AUTORIZZATA,3501,12.3222415136283,45.4380082363941
4621,1004915,PUBBLICAZIONE DATO NON AUTORIZZATA,PUBBLICAZIONE DATO NON AUTORIZZATA,1663,HOTEL VILLA EDERA,PUBBLICAZIONE DATO NON AUTORIZZATA,22,42,12510,13,_,"ISOLE DELLA LAGUNA (ESCLUSO CENTRO STORICO, GIUDECCA, ISOLE DEDICATE IN VIA PRINCIPALE ALLA FUNZIONE RICETTIVA E ALBERGHI A 5 STELLE)",20,STRUTTURE RICETTIVE ALBERGHIERE,ALBERGHI-ALBERGHI DIFFUSI,3,S,3 STELLE,"VIA NEGROPONTE,13",12510,12510,270421280,0270425048,3,2,2,PUBBLICAZIONE DATO NON AUTORIZZATA,8998,12.3722466601619,45.4171733258217
3837,1005659,HOTEL AI DUE PRINCIPI S.R.L.,info@hotelaidueprincipi.com,11082,HOTEL AI DUE PRINCIPI,PUBBLICAZIONE DATO NON AUTORIZZATA,15,36,3190,4972,_,CENTRO STORICO,0,STRUTTURE RICETTIVE ALBERGHIERE,ALBERGHI-ALBERGHI DIFFUSI,4,S,4 STELLE,"CASTELLO,4972",3190,34360,270420259,0270425002,1,1,1,0412413979,5713,12.3435345672174,45.4356219768125
4910,1004973,PUBBLICAZIONE DATO NON AUTORIZZATA,amministrazione@benzonsrl.it,1016528,DUODO PALACE DEPANDANCE,PUBBLICAZIONE DATO NON AUTORIZZATA,9,20,16000,1902,_,CENTRO STORICO,0,STRUTTURE RICETTIVE ALBERGHIERE,ALBERGHI-ALBERGHI DIFFUSI,4,S,4 STELLE,"SAN MARCO,1902",16000,45370,270420102,0270425001,1,1,1,PUBBLICAZIONE DATO NON AUTORIZZATA,9554,12.3336400173764,45.4342260387983
711,1004838,PUBBLICAZIONE DATO NON AUTORIZZATA,PUBBLICAZIONE DATO NON AUTORIZZATA,1082,HOTEL VILLA STELLA,PUBBLICAZIONE DATO NON AUTORIZZATA,12,20,8370,111,_,"ISOLE DELLA LAGUNA (ESCLUSO CENTRO STORICO, GIUDECCA, ISOLE DEDICATE IN VIA PRINCIPALE ALLA FUNZIONE RICETTIVA E ALBERGHI A 5 STELLE)",20,STRUTTURE RICETTIVE ALBERGHIERE,ALBERGHI-ALBERGHI DIFFUSI,2,S,2 STELLE,"VIA SANDRO GALLO,111",8370,8370,270421338,0270425048,3,2,2,PUBBLICAZIONE DATO NON AUTORIZZATA,2360,12.3650580981649,45.4066659864772
2231,1005824,PUBBLICAZIONE DATO NON AUTORIZZATA,PUBBLICAZIONE DATO NON AUTORIZZATA,1160,LUNA HOTEL BAGLIONI,PUBBLICAZIONE DATO NON AUTORIZZATA,117,215,16000,1243,_,CENTRO STORICO,0,STRUTTURE RICETTIVE ALBERGHIERE,ALBERGHI-ALBERGHI DIFFUSI,5,S,5 STELLE SUPERIOR,"SAN MARCO,1243",16000,40220,270420021,0270425001,1,1,1,PUBBLICAZIONE DATO NON AUTORIZZATA,4991,12.3372602346348,45.4331030430552
5102,1008317,PUBBLICAZIONE DATO NON AUTORIZZATA,PUBBLICAZIONE DATO NON AUTORIZZATA,1008322,HOTEL LOCANDA CANAL,PUBBLICAZIONE DATO NON AUTORIZZATA,8,17,3190,4422,C,CENTRO STORICO,0,STRUTTURE RICETTIVE ALBERGHIERE,ALBERGHI-ALBERGHI DIFFUSI,3,S,3 STELLE,"CASTELLO,4422/C",3190,35670,270420253,0270425002,1,1,1,PUBBLICAZIONE DATO NON AUTORIZZATA,9226,12.3407640238109,45.4362698891182
502,1005331,PUBBLICAZIONE DATO NON AUTORIZZATA,PUBBLICAZIONE DATO NON AUTORIZZATA,8105,HOTEL HEUREKA,PUBBLICAZIONE DATO NON AUTORIZZATA,12,25,2780,3534,_,CENTRO STORICO,0,STRUTTURE RICETTIVE ALBERGHIERE,ALBERGHI-ALBERGHI DIFFUSI,4,S,4 STELLE,"CANNAREGIO,3534",2780,51750,270420560,0270425009,1,1,1,PUBBLICAZIONE DATO NON AUTORIZZATA,2017,12.3334277472118,45.4457260704983
3505,1004641,PUBBLICAZIONE DATO NON AUTORIZZATA,PUBBLICAZIONE DATO NON AUTORIZZATA,1397,HOTEL MALIBRAN,PUBBLICAZIONE DATO NON AUTORIZZATA,29,51,2780,5864,_,CENTRO STORICO,0,STRUTTURE RICETTIVE ALBERGHIERE,ALBERGHI-ALBERGHI DIFFUSI,3,S,3 STELLE,"CANNAREGIO,5864",2780,57570,270420697,0270425009,1,1,1,PUBBLICAZIONE DATO NON AUTORIZZATA,4390,12.3374052254908,45.4390843488266
30,1004772,PUBBLICAZIONE DATO NON AUTORIZZATA,PUBBLICAZIONE DATO NON AUTORIZZATA,254,HOTEL SAN ZULIAN,PUBBLICAZIONE DATO NON AUTORIZZATA,22,60,16000,535,_,CENTRO STORICO,0,STRUTTURE RICETTIVE ALBERGHIERE,ALBERGHI-ALBERGHI DIFFUSI,3,S,3 STELLE,"SAN MARCO,535",16000,44281,270420013,0270425001,1,1,1,PUBBLICAZIONE DATO NON AUTORIZZATA,1840,12.3384870885842,45.4360994255116
5248,1012997,PUBBLICAZIONE DATO NON AUTORIZZATA,PUBBLICAZIONE DATO NON AUTORIZZATA,1013488,HOTEL IL LATO AZZURRO,PUBBLICAZIONE DATO NON AUTORIZZATA,14,31,5205,13,_,"ISOLE DELLA LAGUNA (ESCLUSO CENTRO STORICO, GIUDECCA, ISOLE DEDICATE IN VIA PRINCIPALE ALLA FUNZIONE RICETTIVA E ALBERGHI A 5 STELLE)",20,STRUTTURE RICETTIVE ALBERGHIERE,ALBERGHI-ALBERGHI DIFFUSI,1,S,1 STELLA,"VIA DEI FORTI,13",5205,5205,270421601,0270425027,5,1,2,PUBBLICAZIONE DATO NON AUTORIZZATA,9723,12.3913530320533,45.4482899894441
1985,1017189,PUBBLICAZIONE DATO NON AUTORIZZATA,PUBBLICAZIONE DATO NON AUTORIZZATA,1017194,SAN CLEMENTE DEPANDANCE 3,PUBBLICAZIONE DATO NON AUTORIZZATA,4,8,15590,1,_,CENTRO STORICO,0,STRUTTURE RICETTIVE ALBERGHIERE,ALBERGHI-ALBERGHI DIFFUSI,5,S,5 STELLE SUPERIOR,"ISOLA SAN CLEMENTE,1",15590,15590,270420444,0270425007,1,1,1,PUBBLICAZIONE DATO NON AUTORIZZATA,3144,12.3350297549587,45.4120380976738
5282,1004626,PUBBLICAZIONE DATO NON AUTORIZZATA,PUBBLICAZIONE DATO NON AUTORIZZATA,1045,HOTEL FLORA,PUBBLICAZIONE DATO NON AUTORIZZATA,40,76,16000,2283,A,CENTRO STORICO,0,STRUTTURE RICETTIVE ALBERGHIERE,ALBERGHI-ALBERGHI DIFFUSI,3,S,3 STELLE,"SAN MARCO,2283/A",16000,40640,270420039,0270425001,1,1,1,PUBBLICAZIONE DATO NON AUTORIZZATA,9740,12.3342769704556,45.4325194530894
863,1004738,G.E.A. SRL,sangallo@hotelsangallo.com,1087,HOTEL SAN GALLO,PUBBLICAZIONE DATO NON AUTORIZZATA,12,25,16000,1093,A,CENTRO STORICO,0,STRUTTURE RICETTIVE ALBERGHIERE,ALBERGHI-ALBERGHI DIFFUSI,3,S,3 STELLE,"SAN MARCO,1093/A",16000,44030,270420017,0270425001,1,1,1,0415227311,63,12.3367480954397,45.43474680759
1799,1004992,PUBBLICAZIONE DATO NON AUTORIZZATA,PUBBLICAZIONE DATO NON AUTORIZZATA,1017385,HOTEL GABRIELLI,PUBBLICAZIONE DATO NON AUTORIZZATA,66,131,3190,4109,_,CENTRO STORICO,0,STRUTTURE RICETTIVE ALBERGHIERE,ALBERGHI-ALBERGHI DIFFUSI,5,S,5 STELLE,"CASTELLO,4109",3190,37090,270420265,0270425002,1,1,1,PUBBLICAZIONE DATO NON AUTORIZZATA,2831,12.3477701877938,45.4336391412418
957,1011879,PUBBLICAZIONE DATO NON AUTORIZZATA,PUBBLICAZIONE DATO NON AUTORIZZATA,1013568,HOTEL VILLA DELLE PALME,PUBBLICAZIONE DATO NON AUTORIZZATA,11,23,4830,12,A,"ISOLE DELLA LAGUNA (ESCLUSO CENTRO STORICO, GIUDECCA, ISOLE DEDICATE IN VIA PRINCIPALE ALLA FUNZIONE RICETTIVA E ALBERGHI A 5 STELLE)",20,STRUTTURE RICETTIVE ALBERGHIERE,ALBERGHI-ALBERGHI DIFFUSI,3,S,3 STELLE,"VIA ENRICO DANDOLO,12/A",4830,4830,270421292,0270425048,3,2,2,PUBBLICAZIONE DATO NON AUTORIZZATA,157,12.3685630973074,45.4151317881137
1933,1004665,VALGROSSA SRL,info@hotelmarteebiasin.com,1009352,HOTEL MARTE,PUBBLICAZIONE DATO NON AUTORIZZATA,18,25,2780,338,_,CENTRO STORICO,0,STRUTTURE RICETTIVE ALBERGHIERE,ALBERGHI-ALBERGHI DIFFUSI,3,S,3 STELLE,"CANNAREGIO,338",2780,57735,270420468,0270425009,1,1,1,PUBBLICAZIONE DATO NON AUTORIZZATA,3056,12.3251901912598,45.4436835372385
4020,1004696,PUBBLICAZIONE DATO NON AUTORIZZATA,PUBBLICAZIONE DATO NON AUTORIZZATA,2025,SANTA MARINA,PUBBLICAZIONE DATO NON AUTORIZZATA,20,33,3190,6068,_,CENTRO STORICO,0,STRUTTURE RICETTIVE ALBERGHIERE,ALBERGHI-ALBERGHI DIFFUSI,4,S,4 STELLE,"CASTELLO,6068",3190,36890,270420190,0270425002,1,1,1,PUBBLICAZIONE DATO NON AUTORIZZATA,9775,12.339200936417,45.4383882370263
4687,1005164,PUBBLICAZIONE DATO NON AUTORIZZATA,PUBBLICAZIONE DATO NON AUTORIZZATA,4052,PALAZZO STERN,PUBBLICAZIONE DATO NON AUTORIZZATA,24,49,7070,2792,A,CENTRO STORICO,0,STRUTTURE RICETTIVE ALBERGHIERE,ALBERGHI-ALBERGHI DIFFUSI,4,S,4 STELLE SUPERIOR,"DORSODURO,2792/A",7070,66450,270421081,0270425016,2,1,1,PUBBLICAZIONE DATO NON AUTORIZZATA,9435,12.326665999358,45.4331533792459
625,1010149,PUBBLICAZIONE DATO NON AUTORIZZATA,PUBBLICAZIONE DATO NON AUTORIZZATA,1010263,HOTEL PAGANELLI DIPENDENZA,PUBBLICAZIONE DATO NON AUTORIZZATA,6,10,3190,4687,_,CENTRO STORICO,0,STRUTTURE RICETTIVE ALBERGHIERE,ALBERGHI-ALBERGHI DIFFUSI,3,S,3 STELLE SUPERIOR,"CASTELLO,4687",3190,36560,270420259,0270425002,1,1,1,PUBBLICAZIONE DATO NON AUTORIZZATA,2218,12.3428804158399,45.4343242635546
4587,1005355,NEWPROJECTION SRL,info@egovenice.com,11909,EGO'  HOTEL THE SILK ROAD,PUBBLICAZIONE DATO NON AUTORIZZATA,7,16,16000,4794,_,CENTRO STORICO,0,STRUTTURE RICETTIVE ALBERGHIERE,ALBERGHI-ALBERGHI DIFFUSI,4,S,4 STELLE SUPERIOR,"SAN MARCO,4794",16000,40960,270420133,0270425001,1,1,1,3663679703,9382,12.3351111169526,45.4371014827858
4418,1016561,PUBBLICAZIONE DATO NON AUTORIZZATA,PUBBLICAZIONE DATO NON AUTORIZZATA,1016602,HOTEL GIUDECCA,PUBBLICAZIONE DATO NON AUTORIZZATA,30,52,8750,409,C,CENTRO STORICO,0,STRUTTURE RICETTIVE ALBERGHIERE,ALBERGHI-ALBERGHI DIFFUSI,3,S,3 STELLE,"GIUDECCA (VENEZIA),409/C",8750,62050,270421200,0270425020,2,1,1,PUBBLICAZIONE DATO NON AUTORIZZATA,6910,12.3267139516349,45.4250613713467
2660,1013671,PUBBLICAZIONE DATO NON AUTORIZZATA,PUBBLICAZIONE DATO NON AUTORIZZATA,1013672,HOTEL BAUER PALLADIO,PUBBLICAZIONE DATO NON AUTORIZZATA,50,100,8750,32,_,CENTRO STORICO,0,STRUTTURE RICETTIVE ALBERGHIERE,ALBERGHI-ALBERGHI DIFFUSI,5,S,5 STELLE,"GIUDECCA (VENEZIA),32",8750,66920,270421225,0270425020,2,1,1,PUBBLICAZIONE DATO NON AUTORIZZATA,6332,12.3392148376397,45.4270892461258
1378,1004954,PUBBLICAZIONE DATO NON AUTORIZZATA,PUBBLICAZIONE DATO NON AUTORIZZATA,2651,ARCADIA,PUBBLICAZIONE DATO NON AUTORIZZATA,17,37,2780,1333,_,CENTRO STORICO,0,STRUTTURE RICETTIVE ALBERGHIERE,ALBERGHI-ALBERGHI DIFFUSI,3,S,3 STELLE,"CANNAREGIO,1333",2780,56370,270420478,0270425009,1,1,1,PUBBLICAZIONE DATO NON AUTORIZZATA,817,12.3264839282939,45.4437510159973
247,1015154,PUBBLICAZIONE DATO NON AUTORIZZATA,PUBBLICAZIONE DATO NON AUTORIZZATA,1015429,HOTEL UNIVERSO & NORD,PUBBLICAZIONE DATO NON AUTORIZZATA,60,115,2780,121,_,CENTRO STORICO,0,STRUTTURE RICETTIVE ALBERGHIERE,ALBERGHI-ALBERGHI DIFFUSI,3,S,3 STELLE,"CANNAREGIO,121",2780,53430,270420465,0270425009,1,1,1,PUBBLICAZIONE DATO NON AUTORIZZATA,1588,12.322818954193,45.441752488554
3001,1005028,VDV SRL,info@venicecertosahotel.com,1008579,VENICE CERTOSA HOTEL,PUBBLICAZIONE DATO NON AUTORIZZATA,18,25,3490,1,_,CENTRO STORICO,0,STRUTTURE RICETTIVE ALBERGHIERE,ALBERGHI-ALBERGHI DIFFUSI,3,S,3 STELLE,"ISOLA LA CERTOSA,1",3490,3490,270421599,0270425026,5,1,1,0415208588,3507,12.3710057121208,45.433107229608
1708,1004915,PUBBLICAZIONE DATO NON AUTORIZZATA,PUBBLICAZIONE DATO NON AUTORIZZATA,1664,VIKTORIA PALACE HOTEL,PUBBLICAZIONE DATO NON AUTORIZZATA,29,66,16180,50,_,"ISOLE DELLA LAGUNA (ESCLUSO CENTRO STORICO, GIUDECCA, ISOLE DEDICATE IN VIA PRINCIPALE ALLA FUNZIONE RICETTIVA E ALBERGHI A 5 STELLE)",20,STRUTTURE RICETTIVE ALBERGHIERE,ALBERGHI-ALBERGHI DIFFUSI,4,S,4 STELLE SUPERIOR,"RIVIERA SAN NICOLO',50",16180,16180,270421249,0270425048,3,2,2,PUBBLICAZIONE DATO NON AUTORIZZATA,2687,12.3821798403005,45.42999379007
5074,1004971,HOTEL AGLI ALBORETTI - TARA S.R.L.,info@aglialboretti.com,1342,HOTEL AGLI ALBORETTI,PUBBLICAZIONE DATO NON AUTORIZZATA,22,44,7070,884,_,CENTRO STORICO,0,STRUTTURE RICETTIVE ALBERGHIERE,ALBERGHI-ALBERGHI DIFFUSI,3,S,3 STELLE,"DORSODURO,884",7070,62390,270421116,0270425016,2,1,1,0415230058,9212,12.3283381462226,45.4306031821307
3414,1004826,PUBBLICAZIONE DATO NON AUTORIZZATA,PUBBLICAZIONE DATO NON AUTORIZZATA,8931,HOTEL LUX,PUBBLICAZIONE DATO NON AUTORIZZATA,17,25,3190,4541,_,CENTRO STORICO,0,STRUTTURE RICETTIVE ALBERGHIERE,ALBERGHI-ALBERGHI DIFFUSI,3,S,3 STELLE,"CASTELLO,4541",3190,34420,270420257,0270425002,1,1,1,PUBBLICAZIONE DATO NON AUTORIZZATA,4225,12.3416282761763,45.4343802210015
2086,1005818,PUBBLICAZIONE DATO NON AUTORIZZATA,PUBBLICAZIONE DATO NON AUTORIZZATA,12670,HOTEL BELLINI,PUBBLICAZIONE DATO NON AUTORIZZATA,100,207,2780,116,_,CENTRO STORICO,0,STRUTTURE RICETTIVE ALBERGHIERE,ALBERGHI-ALBERGHI DIFFUSI,4,S,4 STELLE,"CANNAREGIO,116",2780,56780,270420465,0270425009,1,1,1,PUBBLICAZIONE DATO NON AUTORIZZATA,4718,12.3226090107442,45.4415132120358
4124,1004680,PUBBLICAZIONE DATO NON AUTORIZZATA,PUBBLICAZIONE DATO NON AUTORIZZATA,4261,HOTEL SANTA CHIARA SRL,PUBBLICAZIONE DATO NON AUTORIZZATA,39,76,15610,548,_,CENTRO STORICO,0,STRUTTURE RICETTIVE ALBERGHIERE,ALBERGHI-ALBERGHI DIFFUSI,4,S,4 STELLE SUPERIOR,"SANTA CROCE,548",15610,77380,270420991,0270425014,2,1,1,PUBBLICAZIONE DATO NON AUTORIZZATA,9879,12.319460251928,45.4383253321939
305,1005265,PUBBLICAZIONE DATO NON AUTORIZZATA,PUBBLICAZIONE DATO NON AUTORIZZATA,2649,HOTEL IL MORO DI VENEZIA,PUBBLICAZIONE DATO NON AUTORIZZATA,27,52,2780,152,_,CENTRO STORICO,0,STRUTTURE RICETTIVE ALBERGHIERE,ALBERGHI-ALBERGHI DIFFUSI,2,S,2 STELLE,"CANNAREGIO,152",2780,53430,270420468,0270425009,1,1,1,PUBBLICAZIONE DATO NON AUTORIZZATA,1683,12.3233308415218,45.4421217632029
2495,1004617,PUBBLICAZIONE DATO NON AUTORIZZATA,PUBBLICAZIONE DATO NON AUTORIZZATA,1443,HOTEL SATURNIA & INTERNATIONAL,PUBBLICAZIONE DATO NON AUTORIZZATA,87,187,16000,2398,_,CENTRO STORICO,0,STRUTTURE RICETTIVE ALBERGHIERE,ALBERGHI-ALBERGHI DIFFUSI,4,S,4 STELLE SUPERIOR,"SAN MARCO,2398",16000,45360,270420032,0270425001,1,1,1,PUBBLICAZIONE DATO NON AUTORIZZATA,6167,12.3341925984142,45.4328711265298
3677,1005776,PUBBLICAZIONE DATO NON AUTORIZZATA,PUBBLICAZIONE DATO NON AUTORIZZATA,3117,HOTEL PALAZZINA G,PUBBLICAZIONE DATO NON AUTORIZZATA,16,32,16000,3247,_,CENTRO STORICO,0,STRUTTURE RICETTIVE ALBERGHIERE,ALBERGHI-ALBERGHI DIFFUSI,5,S,5 STELLE,"SAN MARCO,3247",16000,42220,270420073,0270425001,1,1,1,PUBBLICAZIONE DATO NON AUTORIZZATA,5420,12.328198227256,45.4340396167361
3113,1005255,PUBBLICAZIONE DATO NON AUTORIZZATA,PUBBLICAZIONE DATO NON AUTORIZZATA,3020,HOTEL PALAZZO SANT'ANTONIN,PUBBLICAZIONE DATO NON AUTORIZZATA,13,24,3190,3299,_,CENTRO STORICO,0,STRUTTURE RICETTIVE ALBERGHIERE,ALBERGHI-ALBERGHI DIFFUSI,3,S,3 STELLE,"CASTELLO,3299",3190,32740,270420276,0270425002,1,1,1,PUBBLICAZIONE DATO NON AUTORIZZATA,3702,12.3461951412312,45.4358348647964
2627,1013671,PUBBLICAZIONE DATO NON AUTORIZZATA,PUBBLICAZIONE DATO NON AUTORIZZATA,1013674,CONVENTINO DIPENDENZA HOTEL BAUER,PUBBLICAZIONE DATO NON AUTORIZZATA,20,42,8750,54,R,CENTRO STORICO,0,STRUTTURE RICETTIVE ALBERGHIERE,ALBERGHI-ALBERGHI DIFFUSI,5,S,5 STELLE,"GIUDECCA (VENEZIA),54/R",8750,60190,270421225,0270425020,2,1,1,PUBBLICAZIONE DATO NON AUTORIZZATA,6299,12.3392986407888,45.4256235771429
1988,1017189,PUBBLICAZIONE DATO NON AUTORIZZATA,PUBBLICAZIONE DATO NON AUTORIZZATA,1017191,SAN CLEMENTE PALACE,PUBBLICAZIONE DATO NON AUTORIZZATA,197,394,15590,1,_,CENTRO STORICO,0,STRUTTURE RICETTIVE ALBERGHIERE,ALBERGHI-ALBERGHI DIFFUSI,5,S,5 STELLE SUPERIOR,"ISOLA SAN CLEMENTE,1",15590,15590,270420444,0270425007,1,1,1,PUBBLICAZIONE DATO NON AUTORIZZATA,3148,12.3350297549587,45.4120380976738
4642,1004748,PUBBLICAZIONE DATO NON AUTORIZZATA,PUBBLICAZIONE DATO NON AUTORIZZATA,1652,HOTEL CANAL,PUBBLICAZIONE DATO NON AUTORIZZATA,17,26,15610,553,_,CENTRO STORICO,0,STRUTTURE RICETTIVE ALBERGHIERE,ALBERGHI-ALBERGHI DIFFUSI,3,S,3 STELLE,"SANTA CROCE,553",15610,77530,270420975,0270425014,2,1,1,PUBBLICAZIONE DATO NON AUTORIZZATA,9410,12.3210775001974,45.4393135947333
265,1005620,ALBERGO SANTA LUCIA,info@hotelslucia.com,9106,ALBERGO SANTA LUCIA,PUBBLICAZIONE DATO NON AUTORIZZATA,13,24,2780,358,_,CENTRO STORICO,0,STRUTTURE RICETTIVE ALBERGHIERE,ALBERGHI-ALBERGHI DIFFUSI,1,S,1 STELLA,"CANNAREGIO,358",2780,54280,270420468,0270425009,1,1,1,041715180,1617,12.3224030048233,45.4427393340016
3863,1005802,MAISON VENEZIA SRL,info@hotelmaisonducal.com,11348,HOTEL MAISON DUCAL,PUBBLICAZIONE DATO NON AUTORIZZATA,8,19,3190,4588,_,CENTRO STORICO,0,STRUTTURE RICETTIVE ALBERGHIERE,ALBERGHI-ALBERGHI DIFFUSI,3,S,3 STELLE,"CASTELLO,4588",3190,35580,270420258,0270425002,1,1,1,0415211397,5757,12.3418042993543,45.4344855672983
5143,1005813,VENETO HOTELS SRL,manager.hpc@h10hotels.com,10335,H10 PALAZZO CANOVA,PUBBLICAZIONE DATO NON AUTORIZZATA,61,146,16210,743,_,CENTRO STORICO,0,STRUTTURE RICETTIVE ALBERGHIERE,ALBERGHI-ALBERGHI DIFFUSI,4,S,4 STELLE SUPERIOR,"SAN POLO,743",16210,74040,270420780,0270425013,2,1,1,0415200172,9671,12.3344051604841,45.437448778156
3809,1004775,PUBBLICAZIONE DATO NON AUTORIZZATA,PUBBLICAZIONE DATO NON AUTORIZZATA,4043,HOTEL LOCANDA VIVALDI,PUBBLICAZIONE DATO NON AUTORIZZATA,27,53,3190,4150,_,CENTRO STORICO,0,STRUTTURE RICETTIVE ALBERGHIERE,ALBERGHI-ALBERGHI DIFFUSI,4,S,4 STELLE SUPERIOR,"CASTELLO,4150",3190,37090,270420263,0270425002,1,1,1,PUBBLICAZIONE DATO NON AUTORIZZATA,5664,12.3447057658117,45.43403297655
889,1005768,PUBBLICAZIONE DATO NON AUTORIZZATA,PUBBLICAZIONE DATO NON AUTORIZZATA,3031,ST. REGIS VENICE,PUBBLICAZIONE DATO NON AUTORIZZATA,185,351,16000,2159,_,CENTRO STORICO,0,STRUTTURE RICETTIVE ALBERGHIERE,ALBERGHI-ALBERGHI DIFFUSI,5,S,5 STELLE,"SAN MARCO,2159",16000,40560,270420035,0270425001,1,1,1,PUBBLICAZIONE DATO NON AUTORIZZATA,89,12.3354122716313,45.4323672918908
5160,1005290,PUBBLICAZIONE DATO NON AUTORIZZATA,PUBBLICAZIONE DATO NON AUTORIZZATA,2793,PALAZZETTO MADONNA,PUBBLICAZIONE DATO NON AUTORIZZATA,15,32,16210,2902,_,CENTRO STORICO,0,STRUTTURE RICETTIVE ALBERGHIERE,ALBERGHI-ALBERGHI DIFFUSI,4,S,4 STELLE,"SAN POLO,2902",16210,71310,270420847,0270425013,2,1,1,PUBBLICAZIONE DATO NON AUTORIZZATA,9679,12.3269168056823,45.4356313119325
2618,1005026,PUBBLICAZIONE DATO NON AUTORIZZATA,PUBBLICAZIONE DATO NON AUTORIZZATA,1920,ALBERGO MARIN,PUBBLICAZIONE DATO NON AUTORIZZATA,17,33,15610,670,_,CENTRO STORICO,0,STRUTTURE RICETTIVE ALBERGHIERE,ALBERGHI-ALBERGHI DIFFUSI,1,S,1 STELLA,"SANTA CROCE,670",15610,78170,270420971,0270425014,2,1,1,PUBBLICAZIONE DATO NON AUTORIZZATA,6290,12.3226586101448,45.4395847606027
5180,1004735,PUBBLICAZIONE DATO NON AUTORIZZATA,PUBBLICAZIONE DATO NON AUTORIZZATA,1533,LOCANDA AL RASPO DE UA S.R.L.,PUBBLICAZIONE DATO NON AUTORIZZATA,7,10,16110,560,_,"ISOLE DELLA LAGUNA (ESCLUSO CENTRO STORICO, GIUDECCA, ISOLE DEDICATE IN VIA PRINCIPALE ALLA FUNZIONE RICETTIVA E ALBERGHI A 5 STELLE)",20,STRUTTURE RICETTIVE ALBERGHIERE,ALBERGHI-ALBERGHI DIFFUSI,1,S,1 STELLA,"VIA BALDASSARRE GALUPPI,560",16110,8389,270421640,0270425032,6,1,2,PUBBLICAZIONE DATO NON AUTORIZZATA,9689,12.4174258848663,45.4856726146438
4562,1005316,MEGEZIA SRL,amministrazione@lacalcina.com,2672,PENSIONE CALCINA,PUBBLICAZIONE DATO NON AUTORIZZATA,29,49,7070,780,_,CENTRO STORICO,0,STRUTTURE RICETTIVE ALBERGHIERE,ALBERGHI-ALBERGHI DIFFUSI,3,S,3 STELLE,"DORSODURO,780",7070,66880,270421118,0270425016,2,1,1,0415206466,9370,12.3285679203325,45.4289817429317
136,1004934,PUBBLICAZIONE DATO NON AUTORIZZATA,PUBBLICAZIONE DATO NON AUTORIZZATA,1009925,HOTEL SAN GEREMIA,PUBBLICAZIONE DATO NON AUTORIZZATA,19,24,2780,290,A,CENTRO STORICO,0,STRUTTURE RICETTIVE ALBERGHIERE,ALBERGHI-ALBERGHI DIFFUSI,2,S,2 STELLE,"CANNAREGIO,290/A",2780,56210,270420468,0270425009,1,1,1,PUBBLICAZIONE DATO NON AUTORIZZATA,1411,12.324620553939,45.4431869581394
1914,1005822,PUBBLICAZIONE DATO NON AUTORIZZATA,PUBBLICAZIONE DATO NON AUTORIZZATA,1008580,JW MARRIOTT VENICE RESORTS & SPA,PUBBLICAZIONE DATO NON AUTORIZZATA,207,414,16430,1,_,CENTRO STORICO,0,STRUTTURE RICETTIVE ALBERGHIERE,ALBERGHI-ALBERGHI DIFFUSI,5,S,5 STELLE SUPERIOR,"ISOLA SACCA SESSOLA,1",16430,16430,270420443,0270425006,1,1,1,PUBBLICAZIONE DATO NON AUTORIZZATA,3023,12.3217428820294,45.4064536035871
2114,1008685,PUBBLICAZIONE DATO NON AUTORIZZATA,PUBBLICAZIONE DATO NON AUTORIZZATA,1009169,HOTEL PETIT PALAIS,PUBBLICAZIONE DATO NON AUTORIZZATA,31,61,10610,54,_,"ISOLE DELLA LAGUNA (ESCLUSO CENTRO STORICO, GIUDECCA, ISOLE DEDICATE IN VIA PRINCIPALE ALLA FUNZIONE RICETTIVA E ALBERGHI A 5 STELLE)",20,STRUTTURE RICETTIVE ALBERGHIERE,ALBERGHI-ALBERGHI DIFFUSI,4,S,4 STELLE,"LUNGOMARE GUGLIELMO MARCONI,54",10610,10610,270421366,0270425048,3,2,2,PUBBLICAZIONE DATO NON AUTORIZZATA,4767,12.3644067054293,45.4020964857655
1622,1013913,PUBBLICAZIONE DATO NON AUTORIZZATA,PUBBLICAZIONE DATO NON AUTORIZZATA,1013963,HOTEL CRISTALLO,PUBBLICAZIONE DATO NON AUTORIZZATA,24,47,16070,51,_,"ISOLE DELLA LAGUNA (ESCLUSO CENTRO STORICO, GIUDECCA, ISOLE DEDICATE IN VIA PRINCIPALE ALLA FUNZIONE RICETTIVA E ALBERGHI A 5 STELLE)",20,STRUTTURE RICETTIVE ALBERGHIERE,ALBERGHI-ALBERGHI DIFFUSI,2,S,2 STELLE,"GRANVIALE SANTA MARIA ELISABETTA,51",16070,16070,270421283,0270425048,3,2,2,PUBBLICAZIONE DATO NON AUTORIZZATA,2555,12.3719890453568,45.4161174127654
491,1011704,PUBBLICAZIONE DATO NON AUTORIZZATA,PUBBLICAZIONE DATO NON AUTORIZZATA,1012729,CA'SAGREDO VENEZIA SRL,PUBBLICAZIONE DATO NON AUTORIZZATA,42,84,8750,753,C,CENTRO STORICO,0,STRUTTURE RICETTIVE ALBERGHIERE,ALBERGHI-ALBERGHI DIFFUSI,5,S,5 STELLE SUPERIOR,"GIUDECCA (VENEZIA),753/C",8750,64460,270421184,0270425020,2,1,1,PUBBLICAZIONE DATO NON AUTORIZZATA,1994,12.3195590067795,45.4268512510238
5166,1005184,PUBBLICAZIONE DATO NON AUTORIZZATA,PUBBLICAZIONE DATO NON AUTORIZZATA,1688,LOCANDA SILVA,PUBBLICAZIONE DATO NON AUTORIZZATA,23,46,3190,4423,_,CENTRO STORICO,0,STRUTTURE RICETTIVE ALBERGHIERE,ALBERGHI-ALBERGHI DIFFUSI,1,S,1 STELLA,"CASTELLO,4423",3190,35670,270420253,0270425002,1,1,1,PUBBLICAZIONE DATO NON AUTORIZZATA,9682,12.3407347806321,45.4362979738171
1828,1009820,PUBBLICAZIONE DATO NON AUTORIZZATA,PUBBLICAZIONE DATO NON AUTORIZZATA,1009950,HOTEL LEONE,PUBBLICAZIONE DATO NON AUTORIZZATA,0,0,2780,1250,_,CENTRO STORICO,0,STRUTTURE RICETTIVE ALBERGHIERE,ALBERGHI-ALBERGHI DIFFUSI,3,S,3 STELLE,"CANNAREGIO,1250",2780,51030,270420478,0270425009,1,1,1,PUBBLICAZIONE DATO NON AUTORIZZATA,2873,12.3251352845859,45.4440454569063
1187,1006291,PUBBLICAZIONE DATO NON AUTORIZZATA,PUBBLICAZIONE DATO NON AUTORIZZATA,1009165,HOTEL GIARDINETTO,PUBBLICAZIONE DATO NON AUTORIZZATA,13,24,16040,3,_,"ISOLE DELLA LAGUNA (ESCLUSO CENTRO STORICO, GIUDECCA, ISOLE DEDICATE IN VIA PRINCIPALE ALLA FUNZIONE RICETTIVA E ALBERGHI A 5 STELLE)",20,STRUTTURE RICETTIVE ALBERGHIERE,ALBERGHI-ALBERGHI DIFFUSI,3,S,3 STELLE,"PIAZZALE SANTA MARIA ELISABETTA,3",16040,16040,270421277,0270425048,3,2,2,PUBBLICAZIONE DATO NON AUTORIZZATA,476,12.3691531661937,45.4176812596017
431,1011548,PUBBLICAZIONE DATO NON AUTORIZZATA,PUBBLICAZIONE DATO NON AUTORIZZATA,1011743,HOTEL RIVIERA,PUBBLICAZIONE DATO NON AUTORIZZATA,58,99,16070,5,_,"ISOLE DELLA LAGUNA (ESCLUSO CENTRO STORICO, GIUDECCA, ISOLE DEDICATE IN VIA PRINCIPALE ALLA FUNZIONE RICETTIVA E ALBERGHI A 5 STELLE)",20,STRUTTURE RICETTIVE ALBERGHIERE,ALBERGHI-ALBERGHI DIFFUSI,3,S,3 STELLE,"GRANVIALE SANTA MARIA ELISABETTA,5",16070,16070,270421277,0270425048,3,2,2,PUBBLICAZIONE DATO NON AUTORIZZATA,1891,12.3685981708157,45.4170711995366
2544,1004810,ALBERGO DOGE S.R.L.,hoteldoge@libero.it,1699,ALBERGO DOGE,PUBBLICAZIONE DATO NON AUTORIZZATA,7,14,15610,1222,_,CENTRO STORICO,0,STRUTTURE RICETTIVE ALBERGHIERE,ALBERGHI-ALBERGHI DIFFUSI,3,S,3 STELLE,"SANTA CROCE,1222",15610,75190,270420959,0270425014,2,1,1,0412448752,6216,12.3253655385196,45.440965807641
1951,1005220,FOSCARI PALACE S.R.L.,dante@hotelbellearti.com,608,HOTEL FOSCARI PALACE,PUBBLICAZIONE DATO NON AUTORIZZATA,23,46,2780,4200,_,CENTRO STORICO,0,STRUTTURE RICETTIVE ALBERGHIERE,ALBERGHI-ALBERGHI DIFFUSI,4,S,4 STELLE,"CANNAREGIO,4200",2780,56650,270420687,0270425009,1,1,1,0415297611,3088,12.3346106110505,45.4405107200574
1204,1005457,PUBBLICAZIONE DATO NON AUTORIZZATA,PUBBLICAZIONE DATO NON AUTORIZZATA,6143,HOTEL VILLA PARCO,PUBBLICAZIONE DATO NON AUTORIZZATA,22,40,15170,1,_,"ISOLE DELLA LAGUNA (ESCLUSO CENTRO STORICO, GIUDECCA, ISOLE DEDICATE IN VIA PRINCIPALE ALLA FUNZIONE RICETTIVA E ALBERGHI A 5 STELLE)",20,STRUTTURE RICETTIVE ALBERGHIERE,ALBERGHI-ALBERGHI DIFFUSI,3,S,3 STELLE,"VIA RODI,1",15170,15170,270421344,0270425048,3,2,2,PUBBLICAZIONE DATO NON AUTORIZZATA,502,12.3645653702375,45.4077880091579
2292,1004961,PUBBLICAZIONE DATO NON AUTORIZZATA,PUBBLICAZIONE DATO NON AUTORIZZATA,1063,HOTEL OLIMPIA,PUBBLICAZIONE DATO NON AUTORIZZATA,30,58,15610,395,_,CENTRO STORICO,0,STRUTTURE RICETTIVE ALBERGHIERE,ALBERGHI-ALBERGHI DIFFUSI,3,S,3 STELLE SUPERIOR,"SANTA CROCE,395",15610,75360,270420999,0270425014,2,1,1,PUBBLICAZIONE DATO NON AUTORIZZATA,5096,12.3193588575606,45.4368990650677
2979,1005749,PUBBLICAZIONE DATO NON AUTORIZZATA,PUBBLICAZIONE DATO NON AUTORIZZATA,1463,HOTEL DANIELI,PUBBLICAZIONE DATO NON AUTORIZZATA,210,412,3190,4196,_,CENTRO STORICO,0,STRUTTURE RICETTIVE ALBERGHIERE,ALBERGHI-ALBERGHI DIFFUSI,5,S,5 STELLE SUPERIOR,"CASTELLO,4196",3190,37090,270420258,0270425002,1,1,1,PUBBLICAZIONE DATO NON AUTORIZZATA,3469,12.3421147140817,45.4338694853519
471,1005665,LHOTEL SRL,hotelnewmezzopozzo@gmail.com,10881,HOTEL MEZZO POZZO,PUBBLICAZIONE DATO NON AUTORIZZATA,9,20,2780,4529,_,CENTRO STORICO,0,STRUTTURE RICETTIVE ALBERGHIERE,ALBERGHI-ALBERGHI DIFFUSI,2,S,2 STELLE,"CANNAREGIO,4529",2780,55570,270420672,0270425009,1,1,1,0412411496,1959,12.3368496800956,45.4408464377945
222,1004706,AL PONTE SRL,info@anticodoge.com,1083,ANTICO DOGE,PUBBLICAZIONE DATO NON AUTORIZZATA,7,18,2780,5643,_,CENTRO STORICO,0,STRUTTURE RICETTIVE ALBERGHIERE,ALBERGHI-ALBERGHI DIFFUSI,3,S,3 STELLE,"CANNAREGIO,5643",2780,52460,270420694,0270425009,1,1,1,0412411570,1554,12.3364730293256,45.4400051155866
4281,1004719,PUBBLICAZIONE DATO NON AUTORIZZATA,PUBBLICAZIONE DATO NON AUTORIZZATA,1395,DIPENDENZA 1 AMERICAN DINESEN,PUBBLICAZIONE DATO NON AUTORIZZATA,4,11,7070,628,_,CENTRO STORICO,0,STRUTTURE RICETTIVE ALBERGHIERE,ALBERGHI-ALBERGHI DIFFUSI,4,S,4 STELLE,"DORSODURO,628",7070,60720,270421122,0270425016,2,1,1,PUBBLICAZIONE DATO NON AUTORIZZATA,6704,12.3296353771786,45.4302504530983
2266,1004806,PUBBLICAZIONE DATO NON AUTORIZZATA,PUBBLICAZIONE DATO NON AUTORIZZATA,1949,HOTEL GIORGIONE,PUBBLICAZIONE DATO NON AUTORIZZATA,76,136,2780,4587,_,CENTRO STORICO,0,STRUTTURE RICETTIVE ALBERGHIERE,ALBERGHI-ALBERGHI DIFFUSI,4,S,4 STELLE,"CANNAREGIO,4587",2780,55730,270420671,0270425009,1,1,1,PUBBLICAZIONE DATO NON AUTORIZZATA,5052,12.3366758587185,45.4410920939669
2552,1005825,PUBBLICAZIONE DATO NON AUTORIZZATA,PUBBLICAZIONE DATO NON AUTORIZZATA,4053,HILTON MOLINO STUCKY,PUBBLICAZIONE DATO NON AUTORIZZATA,380,762,8750,810,_,CENTRO STORICO,0,STRUTTURE RICETTIVE ALBERGHIERE,ALBERGHI-ALBERGHI DIFFUSI,5,S,5 STELLE,"GIUDECCA (VENEZIA),810",8750,65030,270421184,0270425020,2,1,1,PUBBLICAZIONE DATO NON AUTORIZZATA,6224,12.3202869679434,45.4282654436297
3875,1004853,PUBBLICAZIONE DATO NON AUTORIZZATA,PUBBLICAZIONE DATO NON AUTORIZZATA,1097,HOTEL SERENISSIMA,PUBBLICAZIONE DATO NON AUTORIZZATA,38,60,16000,4486,_,CENTRO STORICO,0,STRUTTURE RICETTIVE ALBERGHIERE,ALBERGHI-ALBERGHI DIFFUSI,2,S,2 STELLE,"SAN MARCO,4486",16000,42180,270420114,0270425001,1,1,1,PUBBLICAZIONE DATO NON AUTORIZZATA,5780,12.3357273027435,45.435317204992
1954,1004908,HOTEL TRE ARCHI SRL,info@hoteltrearchi.com,9598,HOTEL TRE ARCHI SRL,PUBBLICAZIONE DATO NON AUTORIZZATA,34,63,2780,923,_,CENTRO STORICO,0,STRUTTURE RICETTIVE ALBERGHIERE,ALBERGHI-ALBERGHI DIFFUSI,3,S,3 STELLE,"CANNAREGIO,923",2780,51030,270420473,0270425009,1,1,1,0415244356,3091,12.319931120115,45.446336974918
4167,1004678,PUBBLICAZIONE DATO NON AUTORIZZATA,PUBBLICAZIONE DATO NON AUTORIZZATA,947,RESIDENZA D'EPOCA CA' FAVRETTO SAN CASSIANO,PUBBLICAZIONE DATO NON AUTORIZZATA,35,64,15610,2232,_,CENTRO STORICO,0,STRUTTURE RICETTIVE ALBERGHIERE,ALBERGHI-ALBERGHI DIFFUSI,4,S,4 STELLE,"SANTA CROCE,2232",15610,77400,270420895,0270425014,2,1,1,PUBBLICAZIONE DATO NON AUTORIZZATA,6502,12.3322331509404,45.4405067402412
4736,1011169,PUBBLICAZIONE DATO NON AUTORIZZATA,PUBBLICAZIONE DATO NON AUTORIZZATA,1011681,PALACE BONVECCHIATI,PUBBLICAZIONE DATO NON AUTORIZZATA,70,169,16000,4680,_,CENTRO STORICO,0,STRUTTURE RICETTIVE ALBERGHIERE,ALBERGHI-ALBERGHI DIFFUSI,4,S,4 STELLE SUPERIOR,"SAN MARCO,4680",16000,41710,270420117,0270425001,1,1,1,PUBBLICAZIONE DATO NON AUTORIZZATA,9460,12.3363543550451,45.4356092672737
2521,1004726,PUBBLICAZIONE DATO NON AUTORIZZATA,PUBBLICAZIONE DATO NON AUTORIZZATA,238,PENSIONE ACCADEMIA,PUBBLICAZIONE DATO NON AUTORIZZATA,27,47,7070,1058,_,CENTRO STORICO,0,STRUTTURE RICETTIVE ALBERGHIERE,ALBERGHI-ALBERGHI DIFFUSI,3,S,3 STELLE SUPERIOR,"DORSODURO,1058",7070,60600,270421085,0270425016,2,1,1,PUBBLICAZIONE DATO NON AUTORIZZATA,6193,12.3270722558329,45.4320968339713
4665,1005687,PUBBLICAZIONE DATO NON AUTORIZZATA,PUBBLICAZIONE DATO NON AUTORIZZATA,1010275,EXCESS VENICE BOUTIQUE HOTEL E PRIVATE SPA RESIDENZA D’EPOCA ALBERGHIERA E SPA,PUBBLICAZIONE DATO NON AUTORIZZATA,14,35,7070,2542,_,CENTRO STORICO,0,STRUTTURE RICETTIVE ALBERGHIERE,ALBERGHI-ALBERGHI DIFFUSI,5,S,5 STELLE,"DORSODURO,2542",7070,65360,270421099,0270425016,2,1,1,PUBBLICAZIONE DATO NON AUTORIZZATA,9423,12.3204372848082,45.4322266654754
294,1004703,PUBBLICAZIONE DATO NON AUTORIZZATA,PUBBLICAZIONE DATO NON AUTORIZZATA,926,HOTEL CARLTON CAPRI,PUBBLICAZIONE DATO NON AUTORIZZATA,37,70,15610,595,A,CENTRO STORICO,0,STRUTTURE RICETTIVE ALBERGHIERE,ALBERGHI-ALBERGHI DIFFUSI,3,S,3 STELLE,"SANTA CROCE,595/A",15610,75540,270420975,0270425014,2,1,1,PUBBLICAZIONE DATO NON AUTORIZZATA,1666,12.3226042474345,45.4391979007196
5120,1004779,PUBBLICAZIONE DATO NON AUTORIZZATA,PUBBLICAZIONE DATO NON AUTORIZZATA,1210,HOTEL FIRENZE,PUBBLICAZIONE DATO NON AUTORIZZATA,25,47,16000,1490,_,CENTRO STORICO,0,STRUTTURE RICETTIVE ALBERGHIERE,ALBERGHI-ALBERGHI DIFFUSI,3,S,3 STELLE,"SAN MARCO,1490",16000,41970,270420025,0270425001,1,1,1,PUBBLICAZIONE DATO NON AUTORIZZATA,9235,12.3363251325933,45.4333973274747
4965,1004614,PENSIONE SEGUSO VENEZIA SRL,PUBBLICAZIONE DATO NON AUTORIZZATA,1015,PENSIONE SEGUSO,PUBBLICAZIONE DATO NON AUTORIZZATA,36,63,7070,779,_,CENTRO STORICO,0,STRUTTURE RICETTIVE ALBERGHIERE,ALBERGHI-ALBERGHI DIFFUSI,2,S,2 STELLE,"DORSODURO,779",7070,60880,270421118,0270425016,2,1,1,0415286858,9158,12.3286722369483,45.4290815570552
4673,1004743,PUBBLICAZIONE DATO NON AUTORIZZATA,PUBBLICAZIONE DATO NON AUTORIZZATA,1542,HOTEL RIO,PUBBLICAZIONE DATO NON AUTORIZZATA,14,24,3190,4358,_,CENTRO STORICO,0,STRUTTURE RICETTIVE ALBERGHIERE,ALBERGHI-ALBERGHI DIFFUSI,2,S,2 STELLE,"CASTELLO,4358",3190,36990,270420254,0270425002,1,1,1,PUBBLICAZIONE DATO NON AUTORIZZATA,9020,12.3415524222594,45.4351244275387
2255,1010604,PUBBLICAZIONE DATO NON AUTORIZZATA,PUBBLICAZIONE DATO NON AUTORIZZATA,1010634,PALAZZO MARIA FORMOSA,PUBBLICAZIONE DATO NON AUTORIZZATA,27,64,3190,6121,A,CENTRO STORICO,0,STRUTTURE RICETTIVE ALBERGHIERE,ALBERGHI-ALBERGHI DIFFUSI,5,S,5 STELLE SUPERIOR,"CASTELLO,6121/A",3190,30501,270420210,0270425002,1,1,1,PUBBLICAZIONE DATO NON AUTORIZZATA,5040,12.3406288789731,45.4379519423439
1706,1004982,PUBBLICAZIONE DATO NON AUTORIZZATA,PUBBLICAZIONE DATO NON AUTORIZZATA,1009186,VILLA CASANOVA,PUBBLICAZIONE DATO NON AUTORIZZATA,10,15,13370,9,_,"ISOLE DELLA LAGUNA (ESCLUSO CENTRO STORICO, GIUDECCA, ISOLE DEDICATE IN VIA PRINCIPALE ALLA FUNZIONE RICETTIVA E ALBERGHI A 5 STELLE)",20,STRUTTURE RICETTIVE ALBERGHIERE,ALBERGHI-ALBERGHI DIFFUSI,1,S,1 STELLA,"VIA ORSO PARTECIPAZIO,9",13370,13370,270421292,0270425048,3,2,2,PUBBLICAZIONE DATO NON AUTORIZZATA,2682,12.367637858446,45.414855654229
4339,1005947,PUBBLICAZIONE DATO NON AUTORIZZATA,PUBBLICAZIONE DATO NON AUTORIZZATA,9161,NH RIO NOVO,PUBBLICAZIONE DATO NON AUTORIZZATA,144,288,7070,3489,_,CENTRO STORICO,0,STRUTTURE RICETTIVE ALBERGHIERE,ALBERGHI-ALBERGHI DIFFUSI,4,S,4 STELLE,"DORSODURO,3489",7070,64590,270421045,0270425016,2,1,1,PUBBLICAZIONE DATO NON AUTORIZZATA,6762,12.3209347169902,45.4351408919213
5295,1005115,OPERA S.R.L.,info@hoteldelloperavenice.com,1425,HOTEL DELL'OPERA,PUBBLICAZIONE DATO NON AUTORIZZATA,15,43,16000,2009,_,CENTRO STORICO,0,STRUTTURE RICETTIVE ALBERGHIERE,ALBERGHI-ALBERGHI DIFFUSI,3,S,3 STELLE,"SAN MARCO,2009",16000,45420,270420031,0270425001,1,1,1,0415205243,9324,12.3341987243538,45.4334366104908
718,1005777,PUBBLICAZIONE DATO NON AUTORIZZATA,PUBBLICAZIONE DATO NON AUTORIZZATA,43,BYRON HOTEL,PUBBLICAZIONE DATO NON AUTORIZZATA,38,70,1720,30,_,"ISOLE DELLA LAGUNA (ESCLUSO CENTRO STORICO, GIUDECCA, ISOLE DEDICATE IN VIA PRINCIPALE ALLA FUNZIONE RICETTIVA E ALBERGHI A 5 STELLE)",20,STRUTTURE RICETTIVE ALBERGHIERE,ALBERGHI-ALBERGHI DIFFUSI,3,S,3 STELLE,"VIA MARCANTONIO BRAGADIN,30",1720,1720,270421312,0270425048,3,2,2,PUBBLICAZIONE DATO NON AUTORIZZATA,2372,12.3722674372381,45.4122105536929
1643,1004694,PUBBLICAZIONE DATO NON AUTORIZZATA,PUBBLICAZIONE DATO NON AUTORIZZATA,7837,MAISON VENEZIA UNA ESPERIENZE,PUBBLICAZIONE DATO NON AUTORIZZATA,28,64,2780,4173,_,CENTRO STORICO,0,STRUTTURE RICETTIVE ALBERGHIERE,ALBERGHI-ALBERGHI DIFFUSI,4,S,4 STELLE,"CANNAREGIO,4173",2780,55500,270420691,0270425009,1,1,1,PUBBLICAZIONE DATO NON AUTORIZZATA,2589,12.3360879100719,45.4417483381288
3575,1005124,MAYCOM S.R.L.,locandacafoscari@hotmail.it,1852,LOCANDA CA' FOSCARI,PUBBLICAZIONE DATO NON AUTORIZZATA,11,19,7070,3888,_,CENTRO STORICO,0,STRUTTURE RICETTIVE ALBERGHIERE,ALBERGHI-ALBERGHI DIFFUSI,1,S,1 STELLA,"DORSODURO,3888",7070,62460,270421074,0270425016,2,1,1,041710401,4516,12.3265577525471,45.4354343059224
3907,1004679,ROFRA SRL,info@locandasturion.com,677,LOCANDA STURION,PUBBLICAZIONE DATO NON AUTORIZZATA,11,23,16210,679,_,CENTRO STORICO,0,STRUTTURE RICETTIVE ALBERGHIERE,ALBERGHI-ALBERGHI DIFFUSI,3,S,3 STELLE,"SAN POLO,679",16210,73710,270420780,0270425013,2,1,1,0415236243,5844,12.3343009963994,45.4377558121738
31,1005031,PUBBLICAZIONE DATO NON AUTORIZZATA,PUBBLICAZIONE DATO NON AUTORIZZATA,361,HOTEL CORTE CONTARINA,PUBBLICAZIONE DATO NON AUTORIZZATA,10,21,3190,1931,_,CENTRO STORICO,0,STRUTTURE RICETTIVE ALBERGHIERE,ALBERGHI-ALBERGHI DIFFUSI,3,S,3 STELLE,"CASTELLO,1931",3190,31610,270420330,0270425002,1,1,1,PUBBLICAZIONE DATO NON AUTORIZZATA,1245,12.3538188127193,45.4328632092901
1986,1017189,PUBBLICAZIONE DATO NON AUTORIZZATA,PUBBLICAZIONE DATO NON AUTORIZZATA,1017193,SAN CLEMENTE DEPANDANCE 2,PUBBLICAZIONE DATO NON AUTORIZZATA,1,4,15590,1,_,CENTRO STORICO,0,STRUTTURE RICETTIVE ALBERGHIERE,ALBERGHI-ALBERGHI DIFFUSI,5,S,5 STELLE SUPERIOR,"ISOLA SAN CLEMENTE,1",15590,15590,270420444,0270425007,1,1,1,PUBBLICAZIONE DATO NON AUTORIZZATA,3145,12.3350297549587,45.4120380976738
3566,1005127,PUBBLICAZIONE DATO NON AUTORIZZATA,PUBBLICAZIONE DATO NON AUTORIZZATA,2014,HOTEL SAN GIORGIO,PUBBLICAZIONE DATO NON AUTORIZZATA,16,24,16000,3781,A,CENTRO STORICO,0,STRUTTURE RICETTIVE ALBERGHIERE,ALBERGHI-ALBERGHI DIFFUSI,3,S,3 STELLE,"SAN MARCO,3781/A",16000,43340,270420088,0270425001,1,1,1,PUBBLICAZIONE DATO NON AUTORIZZATA,4499,12.3321888695899,45.4351894338046
1746,1004888,PUBBLICAZIONE DATO NON AUTORIZZATA,info@hotelbernardi.com,1357,HOTEL BERNARDI SEMENZATO,PUBBLICAZIONE DATO NON AUTORIZZATA,14,24,2780,4363,_,CENTRO STORICO,0,STRUTTURE RICETTIVE ALBERGHIERE,ALBERGHI-ALBERGHI DIFFUSI,2,S,2 STELLE,"CANNAREGIO,4363",2780,50470,270420681,0270425009,1,1,1,0415227257,2749,12.3360285326289,45.4409592004161
5189,1016325,PUBBLICAZIONE DATO NON AUTORIZZATA,PUBBLICAZIONE DATO NON AUTORIZZATA,1016339,IH HOTELS VENEZIA SALUTE PALACE,PUBBLICAZIONE DATO NON AUTORIZZATA,0,0,7070,222,_,CENTRO STORICO,0,STRUTTURE RICETTIVE ALBERGHIERE,ALBERGHI-ALBERGHI DIFFUSI,3,S,3 STELLE SUPERIOR,"DORSODURO,222",7070,60800,270421139,0270425016,2,1,1,PUBBLICAZIONE DATO NON AUTORIZZATA,9271,12.3327629633607,45.4298338806559
1222,1005228,PUBBLICAZIONE DATO NON AUTORIZZATA,info@quidhotelvenice.com,7523,HOTEL INDIGO VENICE,PUBBLICAZIONE DATO NON AUTORIZZATA,77,152,1990,10,_,CENTRO STORICO,0,STRUTTURE RICETTIVE ALBERGHIERE,ALBERGHI-ALBERGHI DIFFUSI,4,S,4 STELLE,"CALLE BUCCARI,10",1990,1990,270420435,0270425003,1,1,1,PUBBLICAZIONE DATO NON AUTORIZZATA,542,12.3624300797273,45.4263484083085
4282,1004719,PUBBLICAZIONE DATO NON AUTORIZZATA,PUBBLICAZIONE DATO NON AUTORIZZATA,1017157,AMERICAN DINESEN,PUBBLICAZIONE DATO NON AUTORIZZATA,27,65,7070,628,_,CENTRO STORICO,0,STRUTTURE RICETTIVE ALBERGHIERE,ALBERGHI-ALBERGHI DIFFUSI,4,S,4 STELLE,"DORSODURO,628",7070,60720,270421122,0270425016,2,1,1,PUBBLICAZIONE DATO NON AUTORIZZATA,6705,12.3296353771786,45.4302504530983
83,1004761,PUBBLICAZIONE DATO NON AUTORIZZATA,PUBBLICAZIONE DATO NON AUTORIZZATA,4264,HOTEL BISANZIO,PUBBLICAZIONE DATO NON AUTORIZZATA,40,80,3190,3651,_,CENTRO STORICO,0,STRUTTURE RICETTIVE ALBERGHIERE,ALBERGHI-ALBERGHI DIFFUSI,4,S,4 STELLE,"CASTELLO,3651",3190,34930,270420263,0270425002,1,1,1,PUBBLICAZIONE DATO NON AUTORIZZATA,1323,12.3451621948315,45.4347383689527
1079,1005812,PUBBLICAZIONE DATO NON AUTORIZZATA,PUBBLICAZIONE DATO NON AUTORIZZATA,6739,HOTEL EXCELSIOR,PUBBLICAZIONE DATO NON AUTORIZZATA,197,402,10610,41,_,"ISOLE DELLA LAGUNA (ESCLUSO CENTRO STORICO, GIUDECCA, ISOLE DEDICATE IN VIA PRINCIPALE ALLA FUNZIONE RICETTIVA E ALBERGHI A 5 STELLE)",20,STRUTTURE RICETTIVE ALBERGHIERE,ALBERGHI-ALBERGHI DIFFUSI,5,S,5 STELLE SUPERIOR,"LUNGOMARE GUGLIELMO MARCONI,41",10610,10610,270421348,0270425048,3,2,2,PUBBLICAZIONE DATO NON AUTORIZZATA,289,12.3651344162738,45.4030302487568
2931,1005156,HOTEL SAN LUCA SRL,info@hotelsanlucavenice.com,1770,HOTEL SAN LUCA,PUBBLICAZIONE DATO NON AUTORIZZATA,7,13,16000,4671,_,CENTRO STORICO,0,STRUTTURE RICETTIVE ALBERGHIERE,ALBERGHI-ALBERGHI DIFFUSI,3,S,3 STELLE,"SAN MARCO,4671",16000,41710,270420118,0270425001,1,1,1,0412960833,3381,12.3359234674585,45.4359477442551
3523,1005152,PUBBLICAZIONE DATO NON AUTORIZZATA,PUBBLICAZIONE DATO NON AUTORIZZATA,5782,PALAZZO VENART LUXURY HOTEL,PUBBLICAZIONE DATO NON AUTORIZZATA,18,34,15610,1961,_,CENTRO STORICO,0,STRUTTURE RICETTIVE ALBERGHIERE,ALBERGHI-ALBERGHI DIFFUSI,5,S,5 STELLE,"SANTA CROCE,1961",15610,78210,270420927,0270425014,2,1,1,PUBBLICAZIONE DATO NON AUTORIZZATA,4426,12.3298799850505,45.4412750125674
3804,1005345,PUBBLICAZIONE DATO NON AUTORIZZATA,PUBBLICAZIONE DATO NON AUTORIZZATA,3219,HOTEL MESSNER,PUBBLICAZIONE DATO NON AUTORIZZATA,10,20,7070,216,_,CENTRO STORICO,0,STRUTTURE RICETTIVE ALBERGHIERE,ALBERGHI-ALBERGHI DIFFUSI,4,S,4 STELLE SUPERIOR,"DORSODURO,216",7070,65910,270421139,0270425016,2,1,1,PUBBLICAZIONE DATO NON AUTORIZZATA,5655,12.3329456740935,45.43006851674
2006,1004619,PUBBLICAZIONE DATO NON AUTORIZZATA,PUBBLICAZIONE DATO NON AUTORIZZATA,1055,ANTICO PANADA SRL,PUBBLICAZIONE DATO NON AUTORIZZATA,48,83,16000,646,_,CENTRO STORICO,0,STRUTTURE RICETTIVE ALBERGHIERE,ALBERGHI-ALBERGHI DIFFUSI,3,S,3 STELLE,"SAN MARCO,646",16000,44860,270420004,0270425001,1,1,1,PUBBLICAZIONE DATO NON AUTORIZZATA,4567,12.3393051557242,45.435410633779
111,1008870,PUBBLICAZIONE DATO NON AUTORIZZATA,PUBBLICAZIONE DATO NON AUTORIZZATA,1009053,HOTEL ROSSI,PUBBLICAZIONE DATO NON AUTORIZZATA,14,25,2780,262,_,CENTRO STORICO,0,STRUTTURE RICETTIVE ALBERGHIERE,ALBERGHI-ALBERGHI DIFFUSI,1,S,1 STELLA,"CANNAREGIO,262",2780,55710,270420468,0270425009,1,1,1,PUBBLICAZIONE DATO NON AUTORIZZATA,1371,12.3241373424911,45.4431652616221
3990,1004914,PUBBLICAZIONE DATO NON AUTORIZZATA,PUBBLICAZIONE DATO NON AUTORIZZATA,1068,HOTEL ARLECCHINO,PUBBLICAZIONE DATO NON AUTORIZZATA,25,40,15610,390,_,CENTRO STORICO,0,STRUTTURE RICETTIVE ALBERGHIERE,ALBERGHI-ALBERGHI DIFFUSI,3,S,3 STELLE,"SANTA CROCE,390",15610,75300,270420994,0270425014,2,1,1,PUBBLICAZIONE DATO NON AUTORIZZATA,6004,12.3196930383029,45.4369077813203
289,1005374,PUBBLICAZIONE DATO NON AUTORIZZATA,PUBBLICAZIONE DATO NON AUTORIZZATA,7446,PALAZZO VENEZIANO,PUBBLICAZIONE DATO NON AUTORIZZATA,84,214,7070,1413,_,CENTRO STORICO,0,STRUTTURE RICETTIVE ALBERGHIERE,ALBERGHI-ALBERGHI DIFFUSI,4,S,4 STELLE SUPERIOR,"DORSODURO,1413",7070,66900,270421090,0270425016,2,1,1,PUBBLICAZIONE DATO NON AUTORIZZATA,1657,12.3228195392218,45.4304247185759
4325,1014154,PUBBLICAZIONE DATO NON AUTORIZZATA,PUBBLICAZIONE DATO NON AUTORIZZATA,1014504,VILLE DEL LIDO,PUBBLICAZIONE DATO NON AUTORIZZATA,0,0,1720,38,_,"ISOLE DELLA LAGUNA (ESCLUSO CENTRO STORICO, GIUDECCA, ISOLE DEDICATE IN VIA PRINCIPALE ALLA FUNZIONE RICETTIVA E ALBERGHI A 5 STELLE)",20,STRUTTURE RICETTIVE ALBERGHIERE,RESIDENZE TURISTICO - ALBERGHIERE,4,S,4 STELLE,"VIA MARCANTONIO BRAGADIN,38",1720,1720,270421310,0270425048,3,2,2,PUBBLICAZIONE DATO NON AUTORIZZATA,6748,12.3728390496423,45.4114754960385
3100,1017398,PUBBLICAZIONE DATO NON AUTORIZZATA,PUBBLICAZIONE DATO NON AUTORIZZATA,1017402,HOTEL CASAW,PUBBLICAZIONE DATO NON AUTORIZZATA,19,37,16210,2910,A,CENTRO STORICO,0,STRUTTURE RICETTIVE ALBERGHIERE,ALBERGHI-ALBERGHI DIFFUSI,3,S,3 STELLE SUPERIOR,"SAN POLO,2910/A",16210,70960,270420847,0270425013,2,1,1,PUBBLICAZIONE DATO NON AUTORIZZATA,3676,12.3266639056975,45.4359497038159
246,1015154,PUBBLICAZIONE DATO NON AUTORIZZATA,PUBBLICAZIONE DATO NON AUTORIZZATA,1016416,U VISIONARY VENEZIA,PUBBLICAZIONE DATO NON AUTORIZZATA,43,98,2780,121,_,CENTRO STORICO,0,STRUTTURE RICETTIVE ALBERGHIERE,ALBERGHI-ALBERGHI DIFFUSI,4,S,4 STELLE SUPERIOR,"CANNAREGIO,121",2780,53430,270420465,0270425009,1,1,1,PUBBLICAZIONE DATO NON AUTORIZZATA,1587,12.322818954193,45.441752488554
2467,1004873,PUBBLICAZIONE DATO NON AUTORIZZATA,PUBBLICAZIONE DATO NON AUTORIZZATA,8142,HOTEL CONTERIE,PUBBLICAZIONE DATO NON AUTORIZZATA,12,17,4185,8,_,"ISOLE DELLA LAGUNA (ESCLUSO CENTRO STORICO, GIUDECCA, ISOLE DEDICATE IN VIA PRINCIPALE ALLA FUNZIONE RICETTIVA E ALBERGHI A 5 STELLE)",20,STRUTTURE RICETTIVE ALBERGHIERE,ALBERGHI-ALBERGHI DIFFUSI,3,S,3 STELLE,"RAMO DE LE CONTERIE,8",4185,4185,270421564,0270425025,5,1,2,PUBBLICAZIONE DATO NON AUTORIZZATA,6139,12.3552725820693,45.4578899255339
1116,1012361,PUBBLICAZIONE DATO NON AUTORIZZATA,PUBBLICAZIONE DATO NON AUTORIZZATA,1012365,HOTEL CASALINGER,PUBBLICAZIONE DATO NON AUTORIZZATA,11,22,3190,3541,_,CENTRO STORICO,0,STRUTTURE RICETTIVE ALBERGHIERE,ALBERGHI-ALBERGHI DIFFUSI,1,S,1 STELLA,"CASTELLO,3541",3190,36670,270420275,0270425002,1,1,1,PUBBLICAZIONE DATO NON AUTORIZZATA,356,12.3468606810029,45.4351476056066
4883,1004725,PUBBLICAZIONE DATO NON AUTORIZZATA,PUBBLICAZIONE DATO NON AUTORIZZATA,387,HOTEL LE BOULEVARD,PUBBLICAZIONE DATO NON AUTORIZZATA,45,80,16070,41,_,"ISOLE DELLA LAGUNA (ESCLUSO CENTRO STORICO, GIUDECCA, ISOLE DEDICATE IN VIA PRINCIPALE ALLA FUNZIONE RICETTIVA E ALBERGHI A 5 STELLE)",20,STRUTTURE RICETTIVE ALBERGHIERE,ALBERGHI-ALBERGHI DIFFUSI,4,S,4 STELLE,"GRANVIALE SANTA MARIA ELISABETTA,41",16070,16070,270421278,0270425048,3,2,2,PUBBLICAZIONE DATO NON AUTORIZZATA,9123,12.3704643211263,45.416530780596
3037,1010573,PUBBLICAZIONE DATO NON AUTORIZZATA,PUBBLICAZIONE DATO NON AUTORIZZATA,1010575,HOTEL WALTER,PUBBLICAZIONE DATO NON AUTORIZZATA,11,21,15610,240,_,CENTRO STORICO,0,STRUTTURE RICETTIVE ALBERGHIERE,ALBERGHI-ALBERGHI DIFFUSI,2,S,2 STELLE,"SANTA CROCE,240",15610,78150,270420975,0270425014,2,1,1,PUBBLICAZIONE DATO NON AUTORIZZATA,3574,12.3210503500164,45.4390969303301
4737,1004684,ALBERGO BASILEA S.R.L.,reserve@hotelbasilea.com,1560,HOTEL BASILEA DIPENDENZA,PUBBLICAZIONE DATO NON AUTORIZZATA,13,28,15610,804,_,CENTRO STORICO,0,STRUTTURE RICETTIVE ALBERGHIERE,ALBERGHI-ALBERGHI DIFFUSI,3,S,3 STELLE,"SANTA CROCE,804",15610,75800,270420968,0270425014,2,1,1,041718477,9461,12.3250549257563,45.4392025796215
621,1004764,PUBBLICAZIONE DATO NON AUTORIZZATA,PUBBLICAZIONE DATO NON AUTORIZZATA,1411,NAZIONALE,PUBBLICAZIONE DATO NON AUTORIZZATA,88,136,2780,158,_,CENTRO STORICO,0,STRUTTURE RICETTIVE ALBERGHIERE,ALBERGHI-ALBERGHI DIFFUSI,3,S,3 STELLE,"CANNAREGIO,158",2780,53430,270420468,0270425009,1,1,1,PUBBLICAZIONE DATO NON AUTORIZZATA,2214,12.3234241849867,45.4421846870019
4202,1005066,PUBBLICAZIONE DATO NON AUTORIZZATA,PUBBLICAZIONE DATO NON AUTORIZZATA,1017164,LE ISOLE DEPENDANCE,PUBBLICAZIONE DATO NON AUTORIZZATA,1,3,3190,4661,_,CENTRO STORICO,0,STRUTTURE RICETTIVE ALBERGHIERE,ALBERGHI-ALBERGHI DIFFUSI,3,S,3 STELLE,"CASTELLO,4661",3190,37980,270420259,0270425002,1,1,1,PUBBLICAZIONE DATO NON AUTORIZZATA,6537,12.342226213734,45.4348377630706
2527,1004787,PUBBLICAZIONE DATO NON AUTORIZZATA,PUBBLICAZIONE DATO NON AUTORIZZATA,1580,HOTEL DALLA MORA,PUBBLICAZIONE DATO NON AUTORIZZATA,7,10,15610,42,A,CENTRO STORICO,0,STRUTTURE RICETTIVE ALBERGHIERE,ALBERGHI-ALBERGHI DIFFUSI,1,S,1 STELLA,"SANTA CROCE,42/A",15610,76540,270420979,0270425014,2,1,1,PUBBLICAZIONE DATO NON AUTORIZZATA,6199,12.3229402922478,45.4363734880462
2693,1004798,DOGALE OSPITALITA' & BENESSERE S.R.L.,amministrazione@hungaria.it,1364,RUSSO PALACE HOTEL,PUBBLICAZIONE DATO NON AUTORIZZATA,22,48,16180,11,_,"ISOLE DELLA LAGUNA (ESCLUSO CENTRO STORICO, GIUDECCA, ISOLE DEDICATE IN VIA PRINCIPALE ALLA FUNZIONE RICETTIVA E ALBERGHI A 5 STELLE)",20,STRUTTURE RICETTIVE ALBERGHIERE,ALBERGHI-ALBERGHI DIFFUSI,4,S,4 STELLE,"RIVIERA SAN NICOLO',11",16180,16180,270421256,0270425048,3,2,2,0412420060,6365,12.3762012812457,45.4215233693812
2570,1004890,VILLAMAGGIORE SRL,info@hotelgalleria.it,52,ALBERGO GALLERIA,PUBBLICAZIONE DATO NON AUTORIZZATA,9,15,7070,878,A,CENTRO STORICO,0,STRUTTURE RICETTIVE ALBERGHIERE,ALBERGHI-ALBERGHI DIFFUSI,1,S,1 STELLA,"DORSODURO,878/A",7070,62390,270421114,0270425016,2,1,1,0415232489,6242,12.3288161844039,45.4312275539127
3303,1004757,PUBBLICAZIONE DATO NON AUTORIZZATA,PUBBLICAZIONE DATO NON AUTORIZZATA,1017180,ALA GRAN CANAL,PUBBLICAZIONE DATO NON AUTORIZZATA,18,9,16000,2488,A,CENTRO STORICO,0,STRUTTURE RICETTIVE ALBERGHIERE,ALBERGHI-ALBERGHI DIFFUSI,3,S,3 STELLE,"SAN MARCO,2488/A",16000,42330,270420044,0270425001,1,1,1,PUBBLICAZIONE DATO NON AUTORIZZATA,4022,12.3326650118015,45.4318394887721
2401,1004909,PUBBLICAZIONE DATO NON AUTORIZZATA,PUBBLICAZIONE DATO NON AUTORIZZATA,1013556,HOTEL PALAZZINA SARDI,PUBBLICAZIONE DATO NON AUTORIZZATA,8,16,3190,4656,_,CENTRO STORICO,0,STRUTTURE RICETTIVE ALBERGHIERE,ALBERGHI-ALBERGHI DIFFUSI,4,S,4 STELLE,"CASTELLO,4656",3190,37980,270420259,0270425002,1,1,1,PUBBLICAZIONE DATO NON AUTORIZZATA,3839,12.3422416695624,45.4346890611745
5069,1008472,PUBBLICAZIONE DATO NON AUTORIZZATA,PUBBLICAZIONE DATO NON AUTORIZZATA,1009178,NH COLLECTION MURANO VILLA,PUBBLICAZIONE DATO NON AUTORIZZATA,104,211,12470,29,_,"ISOLE DELLA LAGUNA (ESCLUSO CENTRO STORICO, GIUDECCA, ISOLE DEDICATE IN VIA PRINCIPALE ALLA FUNZIONE RICETTIVA E ALBERGHI A 5 STELLE)",20,STRUTTURE RICETTIVE ALBERGHIERE,ALBERGHI-ALBERGHI DIFFUSI,4,S,4 STELLE SUPERIOR,"FONDAMENTA ANDREA NAVAGERO,29",12470,12470,270421581,0270425025,5,1,2,PUBBLICAZIONE DATO NON AUTORIZZATA,9635,12.3574521216516,45.4566253789764
3681,1005613,PUBBLICAZIONE DATO NON AUTORIZZATA,PUBBLICAZIONE DATO NON AUTORIZZATA,10357,HOTEL ALL'ANGELO,PUBBLICAZIONE DATO NON AUTORIZZATA,56,135,16000,403,_,CENTRO STORICO,0,STRUTTURE RICETTIVE ALBERGHIERE,ALBERGHI-ALBERGHI DIFFUSI,4,S,4 STELLE,"SAN MARCO,403",16000,40130,270420010,0270425001,1,1,1,PUBBLICAZIONE DATO NON AUTORIZZATA,5429,12.3399732227305,45.4356191991513
3695,1008105,PUBBLICAZIONE DATO NON AUTORIZZATA,PUBBLICAZIONE DATO NON AUTORIZZATA,1009158,HOTEL AL SOTOPORTEGO,PUBBLICAZIONE DATO NON AUTORIZZATA,8,15,2780,5595,A,CENTRO STORICO,0,STRUTTURE RICETTIVE ALBERGHIERE,ALBERGHI-ALBERGHI DIFFUSI,1,S,1 STELLA,"CANNAREGIO,5595/A",2780,53930,270420695,0270425009,1,1,1,PUBBLICAZIONE DATO NON AUTORIZZATA,5459,12.3368948269275,45.440011910559
1717,1004946,PUBBLICAZIONE DATO NON AUTORIZZATA,PUBBLICAZIONE DATO NON AUTORIZZATA,1317,AI MORI D'ORIENTE,PUBBLICAZIONE DATO NON AUTORIZZATA,18,42,2780,3319,_,CENTRO STORICO,0,STRUTTURE RICETTIVE ALBERGHIERE,ALBERGHI-ALBERGHI DIFFUSI,4,S,4 STELLE,"CANNAREGIO,3319",2780,56910,270420544,0270425009,1,1,1,PUBBLICAZIONE DATO NON AUTORIZZATA,2700,12.3302695721956,45.4459095983849
4036,1010865,PUBBLICAZIONE DATO NON AUTORIZZATA,PUBBLICAZIONE DATO NON AUTORIZZATA,1017049,HOTEL PALAZZO MARTINELLI DOLFIN,PUBBLICAZIONE DATO NON AUTORIZZATA,11,25,15610,420,A,CENTRO STORICO,0,STRUTTURE RICETTIVE ALBERGHIERE,ALBERGHI-ALBERGHI DIFFUSI,3,S,3 STELLE,"SANTA CROCE,420/A",15610,75360,270420984,0270425014,2,1,1,PUBBLICAZIONE DATO NON AUTORIZZATA,9791,12.3168250019611,45.4364008313869
3981,1004906,PUBBLICAZIONE DATO NON AUTORIZZATA,PUBBLICAZIONE DATO NON AUTORIZZATA,1074,ALBERGO QUATTRO FONTANE,PUBBLICAZIONE DATO NON AUTORIZZATA,62,126,7900,16,_,"ISOLE DELLA LAGUNA (ESCLUSO CENTRO STORICO, GIUDECCA, ISOLE DEDICATE IN VIA PRINCIPALE ALLA FUNZIONE RICETTIVA E ALBERGHI A 5 STELLE)",20,STRUTTURE RICETTIVE ALBERGHIERE,ALBERGHI-ALBERGHI DIFFUSI,4,S,4 STELLE SUPERIOR,"VIA DELLE QUATTRO FONTANE,16",7900,7900,270421333,0270425048,3,2,2,PUBBLICAZIONE DATO NON AUTORIZZATA,5989,12.3681864759942,45.4076807058272
4179,1004696,PUBBLICAZIONE DATO NON AUTORIZZATA,PUBBLICAZIONE DATO NON AUTORIZZATA,2026,CA' MARINELLA,PUBBLICAZIONE DATO NON AUTORIZZATA,9,11,3190,6105,_,CENTRO STORICO,0,STRUTTURE RICETTIVE ALBERGHIERE,ALBERGHI-ALBERGHI DIFFUSI,3,S,3 STELLE,"CASTELLO,6105",3190,33510,270420189,0270425002,1,1,1,PUBBLICAZIONE DATO NON AUTORIZZATA,6514,12.3397834348968,45.4382505880416
2264,1004852,PUBBLICAZIONE DATO NON AUTORIZZATA,PUBBLICAZIONE DATO NON AUTORIZZATA,58,HOTEL PESARO PALACE,PUBBLICAZIONE DATO NON AUTORIZZATA,36,94,2780,3935,_,CENTRO STORICO,0,STRUTTURE RICETTIVE ALBERGHIERE,ALBERGHI-ALBERGHI DIFFUSI,4,S,4 STELLE,"CANNAREGIO,3935",2780,50810,270420625,0270425009,1,1,1,PUBBLICAZIONE DATO NON AUTORIZZATA,5050,12.3340930661969,45.440823862929
984,1004745,PUBBLICAZIONE DATO NON AUTORIZZATA,PUBBLICAZIONE DATO NON AUTORIZZATA,1816,HOTEL RIVAMARE,PUBBLICAZIONE DATO NON AUTORIZZATA,28,52,10610,44,_,"ISOLE DELLA LAGUNA (ESCLUSO CENTRO STORICO, GIUDECCA, ISOLE DEDICATE IN VIA PRINCIPALE ALLA FUNZIONE RICETTIVA E ALBERGHI A 5 STELLE)",20,STRUTTURE RICETTIVE ALBERGHIERE,ALBERGHI-ALBERGHI DIFFUSI,3,S,3 STELLE,"LUNGOMARE GUGLIELMO MARCONI,44",10610,10610,270421350,0270425048,3,2,2,PUBBLICAZIONE DATO NON AUTORIZZATA,184,12.364754274713,45.4026982913507
1623,1004995,PUBBLICAZIONE DATO NON AUTORIZZATA,PUBBLICAZIONE DATO NON AUTORIZZATA,1013012,HOTEL CRISTALLO,PUBBLICAZIONE DATO NON AUTORIZZATA,24,47,16070,51,_,"ISOLE DELLA LAGUNA (ESCLUSO CENTRO STORICO, GIUDECCA, ISOLE DEDICATE IN VIA PRINCIPALE ALLA FUNZIONE RICETTIVA E ALBERGHI A 5 STELLE)",20,STRUTTURE RICETTIVE ALBERGHIERE,ALBERGHI-ALBERGHI DIFFUSI,2,S,2 STELLE,"GRANVIALE SANTA MARIA ELISABETTA,51",16070,16070,270421283,0270425048,3,2,2,PUBBLICAZIONE DATO NON AUTORIZZATA,2556,12.3719890453568,45.4161174127654
1525,1005730,PUBBLICAZIONE DATO NON AUTORIZZATA,PUBBLICAZIONE DATO NON AUTORIZZATA,10932,VENICE MAGGIOR CONSIGLIO,PUBBLICAZIONE DATO NON AUTORIZZATA,32,69,2780,74,_,CENTRO STORICO,0,STRUTTURE RICETTIVE ALBERGHIERE,ALBERGHI-ALBERGHI DIFFUSI,2,S,2 STELLE,"CANNAREGIO,74",2780,55690,270420467,0270425009,1,1,1,PUBBLICAZIONE DATO NON AUTORIZZATA,1058,12.3215295725533,45.442183024938
